evidence_class,experiment,population,component,variance,share,share_ci_low,share_ci_high,observations,cells,replicated_cells,seeds,families,clients,sampling_noise_reference,converged,bootstrap_resamples
C-post-confirmatory-evidence-preserving,controlled-exposure,own-domain,family,0.007837260543802948,0.18322261120533387,0.01321665278193358,0.5428810553820327,70,22,19,10,7,4,0.011143193683914988,true,2000
C-post-confirmatory-evidence-preserving,controlled-exposure,own-domain,client,0.020546645337418203,0.4803476915423465,0.06317770637665557,0.8197137321385214,70,22,19,10,7,4,0.011143193683914988,true,2000
C-post-confirmatory-evidence-preserving,controlled-exposure,own-domain,family-by-client,0.0006125474349859188,0.014320378899996333,0.011516028862616287,0.3609320998538917,70,22,19,10,7,4,0.011143193683914988,true,2000
C-post-confirmatory-evidence-preserving,controlled-exposure,own-domain,seed,0.0,0.0,0.0,0.03253263597486491,70,22,19,10,7,4,0.011143193683914988,true,2000
C-post-confirmatory-evidence-preserving,controlled-exposure,own-domain,residual-family-client-seed,0.013778073759055971,0.32210931835232315,0.03581147199189047,0.3381212476086989,70,22,19,10,7,4,0.011143193683914988,true,2000
C-post-confirmatory-evidence-preserving,controlled-exposure,federation-wide,family,0.015023887237267677,0.6809953012916506,0.4085624199130071,0.7743736776928991,70,22,19,10,7,4,0.00041323203348124477,true,2000
C-post-confirmatory-evidence-preserving,controlled-exposure,federation-wide,client,0.00032825675490195477,0.0148790592058604,0.0,0.36462275759422486,70,22,19,10,7,4,0.00041323203348124477,true,2000
C-post-confirmatory-evidence-preserving,controlled-exposure,federation-wide,family-by-client,0.001989032521553062,0.0901578785771198,0.01347041835614995,0.2763537391230626,70,22,19,10,7,4,0.00041323203348124477,true,2000
C-post-confirmatory-evidence-preserving,controlled-exposure,federation-wide,seed,0.0007101504216181934,0.03218934571957197,0.0,0.10023820538205089,70,22,19,10,7,4,0.00041323203348124477,true,2000
C-post-confirmatory-evidence-preserving,controlled-exposure,federation-wide,residual-family-client-seed,0.0040103337086778304,0.18177841520579724,0.04803213877137532,0.2233599435682975,70,22,19,10,7,4,0.00041323203348124477,true,2000
C-post-confirmatory-evidence-preserving,replication-family-set,own-domain,family,0.004119432646757903,0.17000402732981507,0.0,0.3425748102657607,72,23,21,10,8,4,0.012082350067834362,true,2000
C-post-confirmatory-evidence-preserving,replication-family-set,own-domain,client,0.0,0.0,0.0,0.02426935189164175,72,23,21,10,8,4,0.012082350067834362,true,2000
C-post-confirmatory-evidence-preserving,replication-family-set,own-domain,family-by-client,0.0020110778889018753,0.08299476401351975,0.0,0.7117527607563717,72,23,21,10,8,4,0.012082350067834362,true,2000
C-post-confirmatory-evidence-preserving,replication-family-set,own-domain,seed,0.00044484157530688163,0.018358076417495928,0.0,0.17399375654253688,72,23,21,10,8,4,0.012082350067834362,true,2000
C-post-confirmatory-evidence-preserving,replication-family-set,own-domain,residual-family-client-seed,0.017656030588962136,0.7286431322391693,0.115906720115177,0.8191290672571613,72,23,21,10,8,4,0.012082350067834362,true,2000
C-post-confirmatory-evidence-preserving,replication-family-set,federation-wide,family,0.0016465283677553873,0.08823948368889757,0.019411447422922192,0.22211868997062179,72,23,21,10,8,4,0.0009886383640056447,true,2000
C-post-confirmatory-evidence-preserving,replication-family-set,federation-wide,client,0.00011604370515380214,0.006218925120662963,0.0,0.31171671084845687,72,23,21,10,8,4,0.0009886383640056447,true,2000
C-post-confirmatory-evidence-preserving,replication-family-set,federation-wide,family-by-client,0.0037471793194099154,0.2008159561108562,0.10463143692905297,0.5799135921052646,72,23,21,10,8,4,0.0009886383640056447,true,2000
C-post-confirmatory-evidence-preserving,replication-family-set,federation-wide,seed,0.0007131838140891814,0.03822039921261611,0.0,0.18178401458006727,72,23,21,10,8,4,0.0009886383640056447,true,2000
C-post-confirmatory-evidence-preserving,replication-family-set,federation-wide,residual-family-client-seed,0.012436833628600843,0.6665052358669672,0.09079644037617926,0.7698908904674755,72,23,21,10,8,4,0.0009886383640056447,true,2000
