experiment,family,trials,seed_count,local_recall,absent_recall,peer_recall,ctk_gain,full_recall,linear_full_recall,trees_full_recall,pooling_gain,total_gain,evidence_class
controlled-exposure,revmob,609.2,10,0.271991902916235,0.18746804130618236,0.5212308428937714,0.3337628015875891,0.5605082882158015,0.399419432682422,0.49537225299688153,-0.08452386161005263,0.24923893997753643,C-post-confirmatory-evidence-preserving
controlled-exposure,leadbolt,817.9,10,0.3023305606323997,0.3128642515433514,0.590327168165445,0.27746291662209355,0.6435688290656041,0.4329283678709291,0.5248750637924291,0.010533690910951687,0.28799660753304523,C-post-confirmatory-evidence-preserving
controlled-exposure,adwo,920.3,10,0.6733956676834972,0.5623234640216245,0.6660130213718981,0.1036895573502737,0.5783048786809051,0.6672474159632535,0.76101715571277,-0.11107220366187276,-0.007382646311599128,C-post-confirmatory-evidence-preserving
controlled-exposure,airpush,2419.2,10,0.6633022322277741,0.7053324007522903,0.7924427994521904,0.0871103986999002,0.8583266943335538,0.6923796410287562,0.7988205235230234,0.04203016852451624,0.12914056722441636,C-post-confirmatory-evidence-preserving
controlled-exposure,gappusin,1500.8,10,0.3256011890484739,0.281704613254187,0.31627205011619386,0.0345674368620069,0.4238165110467868,0.4114286206793648,0.5838778993725535,-0.04389657579428691,-0.009329138932280046,C-post-confirmatory-evidence-preserving
controlled-exposure,hiddad,404.4,10,0.28932557015957416,0.2331976316878865,0.2657359805903395,0.03253834890245297,0.28675118504970143,0.15362719065745392,0.17892341484108878,-0.05612793847168768,-0.02358958956923468,C-post-confirmatory-evidence-preserving
controlled-exposure,dowgin,5910.7,10,0.6544768671832606,0.766793021600517,0.7681575700113152,0.0013645484107981387,0.8521694572706595,0.8231987409801566,0.9186564206900254,0.1123161544172564,0.11368070282805465,C-post-confirmatory-evidence-preserving
replication-family-set,inmobi,581.9,10,0.5063901235585828,0.7063123437820057,0.8425703980198722,0.13625805423786647,0.8053855279196072,,,0.19992222022342288,0.3361802744612894,C-post-confirmatory-evidence-preserving
replication-family-set,domob,399.4,10,0.5437251239112608,0.4344038630867682,0.5547595005934769,0.12035563750670879,0.5464777990140703,,,-0.10932126082449262,0.011034376682216074,C-post-confirmatory-evidence-preserving
replication-family-set,smsreg,1274.9,10,0.5594857835957132,0.6120804526841435,0.6564046811904122,0.04432422850626871,0.7653478922287874,,,0.052594669088430246,0.09691889759469896,C-post-confirmatory-evidence-preserving
replication-family-set,kuguo,3630.7,10,0.5967015643886261,0.5366810246639289,0.5789442141485186,0.042263189484589736,0.7067518624605356,,,-0.06002053972469723,-0.017757350240107495,C-post-confirmatory-evidence-preserving
replication-family-set,youmi,666.8,10,0.3628859681587804,0.29354019044478774,0.3355425155467182,0.04200232510193046,0.3619126252189336,,,-0.06934577771399264,-0.02734345261206217,C-post-confirmatory-evidence-preserving
replication-family-set,utchi,518.6666666666666,6,0.008383844986024748,0.017454559536191353,0.03599990718242128,0.01854534764622993,0.46320838672566683,,,0.009070714550166606,0.027616062196396528,C-post-confirmatory-evidence-preserving
replication-family-set,zdtad,524.3333333333334,6,0.7764636780664285,0.7079054289667264,0.6872567804722722,-0.020648648494454098,0.8724309179022347,,,-0.0685582490997021,-0.08920689759415623,C-post-confirmatory-evidence-preserving
replication-family-set,dnotua,251.0,10,0.5961089416089806,0.6237274194818723,0.5412948354264447,-0.08243258405542758,0.6243743531459206,,,0.027618477872891622,-0.054814106182535904,C-post-confirmatory-evidence-preserving
