mean_difference,median_difference,ci_low,ci_high,positive_seeds,seed_count,evidence_class,learner,comparison,measure,within_tolerance
0.1346088107272585,0.14181421569614286,0.08817780145243403,0.17040137060857058,10,10,C-post-confirmatory-evidence-preserving,fedavg,versus-local,federation-unseen-recall-change,
0.13647545645973752,0.13401964176767103,0.08633156454260699,0.18862211367316267,9,10,C-post-confirmatory-evidence-preserving,fedprox,versus-local,federation-unseen-recall-change,
0.0018666457324789665,-0.010171952946005203,-0.011239154534556105,0.02936463586523867,3,10,C-post-confirmatory-evidence-preserving,fedprox,versus-fedavg,federation-unseen-recall-change,
0.11257471137503275,0.12034310206639437,0.07734870422420015,0.14465234397053472,10,10,C-post-confirmatory-evidence-preserving,fedavg-finetune,versus-local,federation-unseen-recall-change,
-0.022034099352225767,-0.023118099782852064,-0.05827814063096559,0.009222126608811951,3,10,C-post-confirmatory-evidence-preserving,fedavg-finetune,versus-fedavg,federation-unseen-recall-change,
0.12759998089919125,0.13657386230049853,0.09340533793153755,0.16327931332478804,10,10,C-post-confirmatory-evidence-preserving,blend,versus-local,federation-unseen-recall-change,
-0.007008829828067287,-0.006909568528272181,-0.020898416645529837,0.008011274448333673,4,10,C-post-confirmatory-evidence-preserving,blend,versus-fedavg,federation-unseen-recall-change,
0.1516587516013061,0.15503243245194998,0.09686863787404075,0.19209636160339283,9,10,C-post-confirmatory-evidence-preserving,central,versus-local,federation-unseen-recall-change,
0.017049940874047598,0.02700626228368741,-0.005842969246480542,0.028328242521178562,8,10,C-post-confirmatory-evidence-preserving,central,versus-fedavg,federation-unseen-recall-change,
0.03256312168320418,0.0324802283979784,0.012641342235757774,0.05630666936124755,8,10,C-post-confirmatory-evidence-preserving,fedavg,versus-local,own-domain-unseen-recall-change,
0.053074489302068574,0.04294132487469671,0.018409673448448387,0.10247458457643377,8,10,C-post-confirmatory-evidence-preserving,fedprox,versus-local,own-domain-unseen-recall-change,
0.020511367618864386,0.024467861676875147,-0.0051205627787849605,0.047153612074583316,7,10,C-post-confirmatory-evidence-preserving,fedprox,versus-fedavg,own-domain-unseen-recall-change,
0.009647834970205077,-0.00603719013147147,-0.009980534577239375,0.039343792284880906,5,10,C-post-confirmatory-evidence-preserving,fedavg-finetune,versus-local,own-domain-unseen-recall-change,
-0.022915286712999104,-0.02787605096330703,-0.04081453539286977,-0.0011418960699190906,3,10,C-post-confirmatory-evidence-preserving,fedavg-finetune,versus-fedavg,own-domain-unseen-recall-change,
0.0653223388489427,0.056384998170479345,0.04393170045890847,0.0886538531642876,10,10,C-post-confirmatory-evidence-preserving,blend,versus-local,own-domain-unseen-recall-change,
0.032759217165738506,0.03400108688872705,0.008951146468472837,0.0483135682898346,9,10,C-post-confirmatory-evidence-preserving,blend,versus-fedavg,own-domain-unseen-recall-change,
0.055960065460471206,0.056692052963560946,0.030653204196575055,0.08968016401724771,9,10,C-post-confirmatory-evidence-preserving,central,versus-local,own-domain-unseen-recall-change,
0.023396943777267025,0.02553902464222385,0.00772376358941064,0.04006488338649904,9,10,C-post-confirmatory-evidence-preserving,central,versus-fedavg,own-domain-unseen-recall-change,
0.14877277241171477,0.1130187457396046,0.08761995388688011,0.22643333352515116,9,10,C-post-confirmatory-evidence-preserving,fedavg,versus-local,worst-client-unseen-recall-change,
0.08987136226012164,0.07614580571024487,0.027678799442638215,0.18910181514105212,9,10,C-post-confirmatory-evidence-preserving,fedprox,versus-local,worst-client-unseen-recall-change,
-0.0589014101515931,-0.04607396046353099,-0.1161564089283885,-0.0032919063267330025,3,10,C-post-confirmatory-evidence-preserving,fedprox,versus-fedavg,worst-client-unseen-recall-change,
0.11432325328870256,0.0840081799591002,0.06182108948568965,0.1904102270487404,9,10,C-post-confirmatory-evidence-preserving,fedavg-finetune,versus-local,worst-client-unseen-recall-change,
-0.034449519123012196,-0.0051131190745395405,-0.13572704061997282,0.02435572869912761,5,10,C-post-confirmatory-evidence-preserving,fedavg-finetune,versus-fedavg,worst-client-unseen-recall-change,
0.08712897258032674,0.03327037037037035,0.038449587719846315,0.1729633885327881,10,10,C-post-confirmatory-evidence-preserving,blend,versus-local,worst-client-unseen-recall-change,
-0.06164379983138799,-0.05656406943203948,-0.11098330419240332,-0.015497607960098234,3,10,C-post-confirmatory-evidence-preserving,blend,versus-fedavg,worst-client-unseen-recall-change,
0.12503732421537117,0.1197568814638027,0.0334575250128154,0.22223322709463159,8,10,C-post-confirmatory-evidence-preserving,central,versus-local,worst-client-unseen-recall-change,
-0.02373544819634359,-0.0014933109604003958,-0.0779809535593504,0.024244831489307145,5,10,C-post-confirmatory-evidence-preserving,central,versus-fedavg,worst-client-unseen-recall-change,
0.11955756103585227,0.11273461146535771,0.09154773999452911,0.15209880518621682,10,10,C-post-confirmatory-evidence-preserving,fedavg,versus-local,paired-seed-ctk-gain,
0.13198486690444805,0.12507132723198186,0.10573898116484337,0.1670804684448186,10,10,C-post-confirmatory-evidence-preserving,fedprox,versus-local,paired-seed-ctk-gain,
0.012427305868595796,0.008770932065955084,-0.0011670104983708834,0.02895658858646619,7,10,C-post-confirmatory-evidence-preserving,fedprox,versus-fedavg,paired-seed-ctk-gain,
0.08197506249644035,0.07892385937490487,0.05592368825064409,0.10830754853178721,10,10,C-post-confirmatory-evidence-preserving,fedavg-finetune,versus-local,paired-seed-ctk-gain,
-0.037582498539411924,-0.032519579617008076,-0.060595609073265,-0.01800401150500427,1,10,C-post-confirmatory-evidence-preserving,fedavg-finetune,versus-fedavg,paired-seed-ctk-gain,
0.07597831340558055,0.0704649908583499,0.05244741371169439,0.10405665517973298,10,10,C-post-confirmatory-evidence-preserving,blend,versus-local,paired-seed-ctk-gain,
-0.043579247630271725,-0.04728440884257412,-0.053542046699172306,-0.030733479224745123,0,10,C-post-confirmatory-evidence-preserving,blend,versus-fedavg,paired-seed-ctk-gain,
0.13099655411579297,0.11495982105041147,0.10285485975505862,0.16696088440948978,10,10,C-post-confirmatory-evidence-preserving,central,versus-local,paired-seed-ctk-gain,
0.011438993079940674,0.013599222286307333,-0.00385075410053778,0.025709798125289094,6,10,C-post-confirmatory-evidence-preserving,central,versus-fedavg,paired-seed-ctk-gain,
0.015051249691406244,0.028608043924675253,-0.041490689351057694,0.06098064696764206,7,10,C-post-confirmatory-evidence-preserving,fedavg,versus-local,paired-seed-pooling-gain,
0.004490589555289415,0.012457500632694851,-0.048962079229068874,0.07211503961698454,6,10,C-post-confirmatory-evidence-preserving,fedprox,versus-local,paired-seed-pooling-gain,
-0.010560660136116829,-0.013915390014503703,-0.0331934606088263,0.016677592321595436,3,10,C-post-confirmatory-evidence-preserving,fedprox,versus-fedavg,paired-seed-pooling-gain,
0.0305996488785924,0.030916398530261208,-0.014077855647748383,0.06365056918885996,8,10,C-post-confirmatory-evidence-preserving,fedavg-finetune,versus-local,paired-seed-pooling-gain,
0.015548399187186156,0.013699447704923762,-0.009270830002232475,0.04685112574350391,6,10,C-post-confirmatory-evidence-preserving,fedavg-finetune,versus-fedavg,paired-seed-pooling-gain,
0.051621667493610676,0.04829534138892155,0.008788874842045713,0.09177136259409098,8,10,C-post-confirmatory-evidence-preserving,blend,versus-local,paired-seed-pooling-gain,
0.03657041780220444,0.02791131921218193,0.023848729644160193,0.05241984069215498,10,10,C-post-confirmatory-evidence-preserving,blend,versus-fedavg,paired-seed-pooling-gain,
0.020662197485513168,0.029601999639046167,-0.026729659936373676,0.06869001460698412,8,10,C-post-confirmatory-evidence-preserving,central,versus-local,paired-seed-pooling-gain,
0.005610947794106924,0.004510709737493845,-0.01459956786584166,0.02207507017452181,5,10,C-post-confirmatory-evidence-preserving,central,versus-fedavg,paired-seed-pooling-gain,
-0.03605429440533871,-0.03516456629006526,-0.04500145086360998,-0.028529444128271575,0,10,C-post-confirmatory-evidence-preserving,fedavg,versus-local,known-family-recall-change,false
-0.00928027711774686,-0.007784714031873696,-0.01777059027200739,-0.0017190619722921062,3,10,C-post-confirmatory-evidence-preserving,fedprox,versus-local,known-family-recall-change,true
0.026774017287591843,0.024340664879420826,0.014517879688979182,0.040380897779978234,9,10,C-post-confirmatory-evidence-preserving,fedprox,versus-fedavg,known-family-recall-change,
-0.03737522221505897,-0.032762390056933044,-0.05307543057713752,-0.02819263302273483,0,10,C-post-confirmatory-evidence-preserving,fedavg-finetune,versus-local,known-family-recall-change,false
-0.0013209278097202626,-0.0004314387964746147,-0.008574431403819714,0.006418272770005234,5,10,C-post-confirmatory-evidence-preserving,fedavg-finetune,versus-fedavg,known-family-recall-change,
0.017049624685372446,0.0173455764414972,0.012291354941400313,0.02174460212763553,10,10,C-post-confirmatory-evidence-preserving,blend,versus-local,known-family-recall-change,true
0.053103919090711146,0.05434074173877229,0.04680499395625888,0.05801041299493688,10,10,C-post-confirmatory-evidence-preserving,blend,versus-fedavg,known-family-recall-change,
-0.0014422643380099464,0.007663588335961091,-0.014266481290199917,0.0073700416360425,6,10,C-post-confirmatory-evidence-preserving,central,versus-local,known-family-recall-change,true
0.034612030067328756,0.03536170459346666,0.018743687614339803,0.04780408596229762,9,10,C-post-confirmatory-evidence-preserving,central,versus-fedavg,known-family-recall-change,
0.0010616304587620835,0.0020983405293689347,-0.0010393091944901544,0.0026472217031058326,7,10,C-post-confirmatory-evidence-preserving,fedavg,versus-local,realised-fpr-change,true
0.001060693197858288,0.0018750278956164747,-0.0013830867469774876,0.0029353734890314475,7,10,C-post-confirmatory-evidence-preserving,fedprox,versus-local,realised-fpr-change,true
-9.372609037952562e-7,-0.0006445478239582823,-0.0009529875136224707,0.0015682553569139363,4,10,C-post-confirmatory-evidence-preserving,fedprox,versus-fedavg,realised-fpr-change,
0.00041639927787472455,0.0008780474796896906,-0.0009547633641348187,0.0015746797380740227,6,10,C-post-confirmatory-evidence-preserving,fedavg-finetune,versus-local,realised-fpr-change,true
-0.0006452311808873588,-0.0006376137091468337,-0.0017784665574431266,0.00038060031697285647,4,10,C-post-confirmatory-evidence-preserving,fedavg-finetune,versus-fedavg,realised-fpr-change,
0.0013440137964155572,0.0015408736512317264,-0.00041925620542136943,0.002992900523347073,6,10,C-post-confirmatory-evidence-preserving,blend,versus-local,realised-fpr-change,true
0.00028238333765347385,0.0002534265151071524,-0.00032326522435386154,0.001175439061059714,6,10,C-post-confirmatory-evidence-preserving,blend,versus-fedavg,realised-fpr-change,
0.001135731123116874,0.0007207322819880665,-0.0006296433178857508,0.002969085801156882,6,10,C-post-confirmatory-evidence-preserving,central,versus-local,realised-fpr-change,true
0.00007410066435479049,-0.0005256587211831809,-0.0011527252555377618,0.0013863400471765183,4,10,C-post-confirmatory-evidence-preserving,central,versus-fedavg,realised-fpr-change,
0.05826884135387096,0.05881711490398844,0.03535475205519589,0.07578350883564584,9,10,C-post-confirmatory-evidence-preserving,fedavg,versus-local,full-exposure-gap,
0.056402195621391996,0.06796630607161308,-0.0005149504554094334,0.07741256961961265,9,10,C-post-confirmatory-evidence-preserving,fedprox,versus-local,full-exposure-gap,
-0.0018666457324789665,0.010171952946005203,-0.029364635865238728,0.011239154534556099,7,10,C-post-confirmatory-evidence-preserving,fedprox,versus-fedavg,full-exposure-gap,
0.08030294070609673,0.06430454195293656,0.047877192953071974,0.12659872569877179,10,10,C-post-confirmatory-evidence-preserving,fedavg-finetune,versus-local,full-exposure-gap,
0.022034099352225767,0.023118099782852064,-0.009222126608811939,0.05827814063096561,7,10,C-post-confirmatory-evidence-preserving,fedavg-finetune,versus-fedavg,full-exposure-gap,
0.06527767118193825,0.06992227550964536,0.034835964549565904,0.08703799968324766,9,10,C-post-confirmatory-evidence-preserving,blend,versus-local,full-exposure-gap,
0.007008829828067287,0.006909568528272181,-0.008011274448333694,0.020898416645529834,6,10,C-post-confirmatory-evidence-preserving,blend,versus-fedavg,full-exposure-gap,
0.041218900479823364,0.045383775628264234,0.010359624139718193,0.05900218282480114,9,10,C-post-confirmatory-evidence-preserving,central,versus-local,full-exposure-gap,
-0.017049940874047598,-0.02700626228368741,-0.02832824252117856,0.005842969246480546,2,10,C-post-confirmatory-evidence-preserving,central,versus-fedavg,full-exposure-gap,
0.6397979877289774,0.6472613443462938,0.4675195810013106,0.7827225507557987,10,10,C-post-confirmatory-evidence-preserving,fedavg,versus-local,oracle-gap-recovery,
0.6300617112148008,0.623555311840997,0.41712504451628407,0.892921142323758,9,10,C-post-confirmatory-evidence-preserving,fedprox,versus-local,oracle-gap-recovery,
-0.009736276514176478,-0.0543263175574038,-0.07967384925122678,0.13398059766988155,3,10,C-post-confirmatory-evidence-preserving,fedprox,versus-fedavg,oracle-gap-recovery,
0.6097904223305051,0.7086611276066874,0.434695696919477,0.7577036040100849,10,10,C-post-confirmatory-evidence-preserving,fedavg-finetune,versus-local,oracle-gap-recovery,
-0.03000756539847239,-0.12976068892646583,-0.19640925113562585,0.25626954739991525,3,10,C-post-confirmatory-evidence-preserving,fedavg-finetune,versus-fedavg,oracle-gap-recovery,
0.6648363370095802,0.6689093598829503,0.5591427272194825,0.8088222602284352,10,10,C-post-confirmatory-evidence-preserving,blend,versus-local,oracle-gap-recovery,
0.025038349280602817,-0.032475669302427845,-0.07728481406587714,0.29228357134165167,4,10,C-post-confirmatory-evidence-preserving,blend,versus-fedavg,oracle-gap-recovery,
0.7101417800873044,0.7734934426277216,0.45117103189030194,0.8786236917232533,9,10,C-post-confirmatory-evidence-preserving,central,versus-local,oracle-gap-recovery,
0.07034379235832702,0.1216618468599702,-0.044326117208192656,0.1385609415074771,8,10,C-post-confirmatory-evidence-preserving,central,versus-fedavg,oracle-gap-recovery,
