mean_difference,median_difference,ci_low,ci_high,positive_seeds,seed_count,evidence_class,learner,metric,gate_threshold,exceeds_gate_threshold
0.06527767118193825,0.06992227550964536,0.034835964549565904,0.08703799968324766,9,10,A-original-confirmatory,blend,federation-unseen-recall,0.1,false
0.041218900479823364,0.045383775628264234,0.010359624139718193,0.05900218282480114,9,10,A-original-confirmatory,central,federation-unseen-recall,0.1,false
0.05826884135387096,0.05881711490398844,0.03535475205519589,0.07578350883564584,9,10,A-original-confirmatory,fedavg,federation-unseen-recall,0.1,false
0.08030294070609673,0.06430454195293656,0.047877192953071974,0.12659872569877179,10,10,A-original-confirmatory,fedavg-finetune,federation-unseen-recall,0.1,false
0.056402195621391996,0.06796630607161308,-0.0005149504554094334,0.07741256961961265,9,10,A-original-confirmatory,fedprox,federation-unseen-recall,0.1,false
0.06405773968832625,0.11460795902285267,-0.038744770410148156,0.11658554836052194,7,10,A-original-confirmatory,blend,worst-client-unseen-recall,0.15,false
0.026149388053281854,0.030831746031746043,-0.013887287625227309,0.07578372678575936,6,10,A-original-confirmatory,central,worst-client-unseen-recall,0.15,false
0.002413939856938263,-0.011660667334982333,-0.0565851371557931,0.055194877084267596,4,10,A-original-confirmatory,fedavg,worst-client-unseen-recall,0.15,false
0.036863458979950456,-0.025538198650564822,-0.05580542719383829,0.15544497649368202,4,10,A-original-confirmatory,fedavg-finetune,worst-client-unseen-recall,0.15,false
0.06131535000853137,0.07287406271301976,0.009951659336217611,0.10570670522292869,7,10,A-original-confirmatory,fedprox,worst-client-unseen-recall,0.15,false
