evidence_class,experiment,learner,metric,estimand,mean_difference,ci_low,ci_high,positive_seeds,seed_count,families,clients
B-confirmatory-sensitivity,controlled-exposure,central,family-macro-unseen-recall,ctk-gain,0.12980600518183572,0.10091438073506487,0.16285684215181512,10,10,7,4
B-confirmatory-sensitivity,natural-scarcity,central,family-macro-unseen-recall,ctk-gain,0.1570265487967565,0.13455797412025117,0.17653026074553158,10,10,7,4
B-confirmatory-sensitivity,controlled-exposure,central,family-macro-unseen-recall,ctk-share,1.1559819417929642,0.7328359350029245,1.9768053139543387,,10,7,4
B-confirmatory-sensitivity,natural-scarcity,central,family-macro-unseen-recall,ctk-share,0.7074844178961072,0.5452768244228944,0.8750647781194765,,10,7,4
B-confirmatory-sensitivity,controlled-exposure,central,family-macro-unseen-recall,pooling-gain,-0.017515319238677683,-0.07012945786338783,0.03954526062797218,5,10,7,4
B-confirmatory-sensitivity,natural-scarcity,central,family-macro-unseen-recall,pooling-gain,0.06492399149035913,0.024469087300547695,0.11753272312715228,9,10,7,4
B-confirmatory-sensitivity,controlled-exposure,central,family-macro-unseen-recall,pooling-share,-0.15598194179296407,-0.9765661027312349,0.26717695424998156,,10,7,4
B-confirmatory-sensitivity,natural-scarcity,central,family-macro-unseen-recall,pooling-share,0.2925155821038927,0.12491794796252004,0.45464388454333543,,10,7,4
B-confirmatory-sensitivity,controlled-exposure,central,family-macro-unseen-recall,total-gain,0.11229068594315803,0.060919366850204895,0.1651706416326481,9,10,7,4
B-confirmatory-sensitivity,natural-scarcity,central,family-macro-unseen-recall,total-gain,0.22195054028711567,0.19253710215247583,0.2681981407491566,10,10,7,4
B-confirmatory-sensitivity,controlled-exposure,central,federation-unseen-recall,ctk-gain,0.13099655411579297,0.10285485975505862,0.16696088440948978,10,10,7,4
B-confirmatory-sensitivity,natural-scarcity,central,federation-unseen-recall,ctk-gain,0.1178216366752703,0.10150387703670621,0.1366952386992535,10,10,7,4
B-confirmatory-sensitivity,controlled-exposure,central,federation-unseen-recall,ctk-share,0.8637586208026311,0.6168636616771146,1.2211280847995474,,10,7,4
B-confirmatory-sensitivity,natural-scarcity,central,federation-unseen-recall,ctk-share,0.47951472570059295,0.3925777277201784,0.5558610572101629,,10,7,4
B-confirmatory-sensitivity,controlled-exposure,central,federation-unseen-recall,pooling-gain,0.020662197485513168,-0.026729659936373676,0.06869001460698412,8,10,7,4
B-confirmatory-sensitivity,natural-scarcity,central,federation-unseen-recall,pooling-gain,0.12788851644490234,0.09730889079582755,0.16859579941876965,10,10,7,4
B-confirmatory-sensitivity,controlled-exposure,central,federation-unseen-recall,pooling-share,0.1362413791973692,-0.22109523964341213,0.38316066301926055,,10,7,4
B-confirmatory-sensitivity,natural-scarcity,central,federation-unseen-recall,pooling-share,0.5204852742994068,0.44409409181482773,0.6073125654096265,,10,7,4
B-confirmatory-sensitivity,controlled-exposure,central,federation-unseen-recall,total-gain,0.1516587516013061,0.09686863787404075,0.19209636160339283,9,10,7,4
B-confirmatory-sensitivity,natural-scarcity,central,federation-unseen-recall,total-gain,0.2457101531201727,0.20940523971035807,0.28312890714195776,10,10,7,4
B-confirmatory-sensitivity,controlled-exposure,central,own-domain-unseen-recall,ctk-gain,0.1326410885811748,0.090953471656715,0.1791895850593871,10,10,7,4
B-confirmatory-sensitivity,natural-scarcity,central,own-domain-unseen-recall,ctk-gain,0.1040240856738961,0.08325143441972455,0.12537530005416148,10,10,7,4
B-confirmatory-sensitivity,controlled-exposure,central,own-domain-unseen-recall,ctk-share,2.370281154779369,1.5961313468323792,3.4945585281029046,,10,7,4
B-confirmatory-sensitivity,natural-scarcity,central,own-domain-unseen-recall,ctk-share,0.94367498191201,0.6159411605219972,1.3505076219029077,,10,7,4
B-confirmatory-sensitivity,controlled-exposure,central,own-domain-unseen-recall,pooling-gain,-0.0766810231207036,-0.11384872612383616,-0.04803999792015845,1,10,7,4
B-confirmatory-sensitivity,natural-scarcity,central,own-domain-unseen-recall,pooling-gain,0.006208873414549332,-0.02842605665788172,0.05750286994239778,5,10,7,4
B-confirmatory-sensitivity,controlled-exposure,central,own-domain-unseen-recall,pooling-share,-1.3702811547793696,-2.4945585281029037,-0.5961313468323789,,10,7,4
B-confirmatory-sensitivity,natural-scarcity,central,own-domain-unseen-recall,pooling-share,0.05632501808798983,-0.3505076219029077,0.38405883947800307,,10,7,4
B-confirmatory-sensitivity,controlled-exposure,central,own-domain-unseen-recall,total-gain,0.055960065460471206,0.030653204196575055,0.08968016401724771,9,10,7,4
B-confirmatory-sensitivity,natural-scarcity,central,own-domain-unseen-recall,total-gain,0.11023295908844544,0.06883010640898929,0.15279497163534084,9,10,7,4
B-confirmatory-sensitivity,controlled-exposure,central,worst-client-unseen-recall,ctk-gain,0.20118438955263648,0.14506140859844405,0.32343284173774817,10,10,7,4
B-confirmatory-sensitivity,natural-scarcity,central,worst-client-unseen-recall,ctk-gain,0.17567917423799176,0.14356674061164565,0.20510542802468815,10,10,7,4
B-confirmatory-sensitivity,controlled-exposure,central,worst-client-unseen-recall,ctk-share,1.608994680709141,1.1470608597630294,5.9966949798954685,,10,7,4
B-confirmatory-sensitivity,natural-scarcity,central,worst-client-unseen-recall,ctk-share,0.9013474705513229,0.7387260341506356,1.1116572601417625,,10,7,4
B-confirmatory-sensitivity,controlled-exposure,central,worst-client-unseen-recall,pooling-gain,-0.07614706533726531,-0.16931606300833643,-0.03185884626944234,2,10,7,4
B-confirmatory-sensitivity,natural-scarcity,central,worst-client-unseen-recall,pooling-gain,0.01922809513120601,-0.018983839620270476,0.05837323174542621,7,10,7,4
B-confirmatory-sensitivity,controlled-exposure,central,worst-client-unseen-recall,pooling-share,-0.608994680709141,-4.995159372309391,-0.1470560264154907,,10,7,4
B-confirmatory-sensitivity,natural-scarcity,central,worst-client-unseen-recall,pooling-share,0.09865252944867701,-0.11165867872503668,0.26119848367661447,,10,7,4
B-confirmatory-sensitivity,controlled-exposure,central,worst-client-unseen-recall,total-gain,0.12503732421537117,0.0334575250128154,0.22223322709463159,8,10,7,4
B-confirmatory-sensitivity,natural-scarcity,central,worst-client-unseen-recall,total-gain,0.19490726936919778,0.14630515832549099,0.236505432439006,10,10,7,4
B-confirmatory-sensitivity,controlled-exposure,fedavg,family-macro-unseen-recall,ctk-gain,0.12435657263358776,0.10091847800034842,0.15549798041993532,10,10,7,4
B-confirmatory-sensitivity,natural-scarcity,fedavg,family-macro-unseen-recall,ctk-gain,0.1615132835869388,0.1462321875208629,0.1814027603095314,10,10,7,4
B-confirmatory-sensitivity,controlled-exposure,fedavg,family-macro-unseen-recall,ctk-share,1.1767348479372666,0.7979305210860421,1.8572789085049752,,10,7,4
B-confirmatory-sensitivity,natural-scarcity,fedavg,family-macro-unseen-recall,ctk-share,0.8189209148061437,0.653461175538369,0.9796705393258565,,10,7,4
B-confirmatory-sensitivity,controlled-exposure,fedavg,family-macro-unseen-recall,pooling-gain,-0.018677223669310832,-0.06409974221157519,0.025796037338561346,4,10,7,4
B-confirmatory-sensitivity,natural-scarcity,fedavg,family-macro-unseen-recall,pooling-gain,0.03571367773102006,0.0033437476958806064,0.08023343894783667,6,10,7,4
B-confirmatory-sensitivity,controlled-exposure,fedavg,family-macro-unseen-recall,pooling-share,-0.1767348479372667,-0.8577220015095024,0.2020648169260625,,10,7,4
B-confirmatory-sensitivity,natural-scarcity,fedavg,family-macro-unseen-recall,pooling-share,0.1810790851938562,0.020329460674143724,0.34653882446163103,,10,7,4
B-confirmatory-sensitivity,controlled-exposure,fedavg,family-macro-unseen-recall,total-gain,0.10567934896427696,0.06629717204299573,0.14197297107070883,10,10,7,4
B-confirmatory-sensitivity,natural-scarcity,fedavg,family-macro-unseen-recall,total-gain,0.1972269613179589,0.16528648529071316,0.23232098062930878,10,10,7,4
B-confirmatory-sensitivity,controlled-exposure,fedavg,federation-unseen-recall,ctk-gain,0.11955756103585227,0.09154773999452911,0.15209880518621682,10,10,7,4
B-confirmatory-sensitivity,natural-scarcity,fedavg,federation-unseen-recall,ctk-gain,0.11190819917612711,0.09458670016490188,0.1259140719896206,10,10,7,4
B-confirmatory-sensitivity,controlled-exposure,fedavg,federation-unseen-recall,ctk-share,0.8881852561501138,0.6145311223809514,1.4101919844016029,,10,7,4
B-confirmatory-sensitivity,natural-scarcity,fedavg,federation-unseen-recall,ctk-share,0.5367787249357181,0.45508705600851884,0.6220153720046919,,10,7,4
B-confirmatory-sensitivity,controlled-exposure,fedavg,federation-unseen-recall,pooling-gain,0.015051249691406244,-0.041490689351057694,0.06098064696764206,7,10,7,4
B-confirmatory-sensitivity,natural-scarcity,fedavg,federation-unseen-recall,pooling-gain,0.09657286383457371,0.06637188742322142,0.12706829046966414,10,10,7,4
B-confirmatory-sensitivity,controlled-exposure,fedavg,federation-unseen-recall,pooling-share,0.11181474384988636,-0.40989363901063564,0.38552937165778545,,10,7,4
B-confirmatory-sensitivity,natural-scarcity,fedavg,federation-unseen-recall,pooling-share,0.46322127506428173,0.3779554508032403,0.5448799826813293,,10,7,4
B-confirmatory-sensitivity,controlled-exposure,fedavg,federation-unseen-recall,total-gain,0.1346088107272585,0.08817780145243403,0.17040137060857058,10,10,7,4
B-confirmatory-sensitivity,natural-scarcity,fedavg,federation-unseen-recall,total-gain,0.20848106301070085,0.1668025240477056,0.2387334200621442,10,10,7,4
B-confirmatory-sensitivity,controlled-exposure,fedavg,own-domain-unseen-recall,ctk-gain,0.10852744865335036,0.06974184955422226,0.15248687426243726,10,10,7,4
B-confirmatory-sensitivity,natural-scarcity,fedavg,own-domain-unseen-recall,ctk-gain,0.09793188764243996,0.06917359781180397,0.1251085846411738,10,10,7,4
B-confirmatory-sensitivity,controlled-exposure,fedavg,own-domain-unseen-recall,ctk-share,3.332833065244111,1.8443786465012306,7.791169084461849,,10,7,4
B-confirmatory-sensitivity,natural-scarcity,fedavg,own-domain-unseen-recall,ctk-share,1.909400250770828,1.3441713589645736,5.234764865057102,,10,7,4
B-confirmatory-sensitivity,controlled-exposure,fedavg,own-domain-unseen-recall,pooling-gain,-0.07596432697014617,-0.11807738726527726,-0.04029831301414695,1,10,7,4
B-confirmatory-sensitivity,natural-scarcity,fedavg,own-domain-unseen-recall,pooling-gain,-0.046642542936999244,-0.06712905975973905,-0.02109295641649484,2,10,7,4
B-confirmatory-sensitivity,controlled-exposure,fedavg,own-domain-unseen-recall,pooling-share,-2.3328330652441105,-6.790566491843168,-0.8443750591050971,,10,7,4
B-confirmatory-sensitivity,natural-scarcity,fedavg,own-domain-unseen-recall,pooling-share,-0.9094002507708283,-4.234764865057084,-0.3441713589645736,,10,7,4
B-confirmatory-sensitivity,controlled-exposure,fedavg,own-domain-unseen-recall,total-gain,0.03256312168320418,0.012641342235757774,0.05630666936124755,8,10,7,4
B-confirmatory-sensitivity,natural-scarcity,fedavg,own-domain-unseen-recall,total-gain,0.05128934470544072,0.004160821288500582,0.0758582534652161,9,10,7,4
B-confirmatory-sensitivity,controlled-exposure,fedavg,worst-client-unseen-recall,ctk-gain,0.18493952181397869,0.13883481182541993,0.26287598140244606,10,10,7,4
B-confirmatory-sensitivity,natural-scarcity,fedavg,worst-client-unseen-recall,ctk-gain,0.13757909578643174,0.07913629807019089,0.17726634336079627,9,10,7,4
B-confirmatory-sensitivity,controlled-exposure,fedavg,worst-client-unseen-recall,ctk-share,1.243100594389515,1.0210918439696888,2.2672777410428075,,10,7,4
B-confirmatory-sensitivity,natural-scarcity,fedavg,worst-client-unseen-recall,ctk-share,0.6474824544546325,0.5161920936377453,0.8022762004994849,,10,7,4
B-confirmatory-sensitivity,controlled-exposure,fedavg,worst-client-unseen-recall,pooling-gain,-0.03616674940226394,-0.10866883079983769,-0.005456009216853663,2,10,7,4
B-confirmatory-sensitivity,natural-scarcity,fedavg,worst-client-unseen-recall,pooling-gain,0.07490402995681811,0.03952128554586814,0.10273356360355848,9,10,7,4
B-confirmatory-sensitivity,controlled-exposure,fedavg,worst-client-unseen-recall,pooling-share,-0.24310059438951528,-1.2672777410428078,-0.021083052307461547,,10,7,4
B-confirmatory-sensitivity,natural-scarcity,fedavg,worst-client-unseen-recall,pooling-share,0.35251754554536735,0.19772068121259206,0.48370334744162813,,10,7,4
B-confirmatory-sensitivity,controlled-exposure,fedavg,worst-client-unseen-recall,total-gain,0.14877277241171477,0.08761995388688011,0.22643333352515116,9,10,7,4
B-confirmatory-sensitivity,natural-scarcity,fedavg,worst-client-unseen-recall,total-gain,0.21248312574324987,0.1539367994698601,0.25815506015068057,10,10,7,4
