learner,dose_level,dose,effective_dose,recall,recall_std,ctk_gain,observations,observations_meeting_criterion,meets_dose_criterion
central,0,0,0.0,0.43683096502578156,0.29184103897026586,0.0,70,0,false
central,1,1,0.08571428571428572,0.43750479013803656,0.2937310962652183,0.0006738251122550066,70,0,false
central,10,10,0.8571428571428571,0.4449255234118685,0.2917605581502759,0.00809455838608691,70,0,false
central,50,50,4.485714285714286,0.45162624520619316,0.28869824414300643,0.014795280180411553,70,0,false
central,100,100,9.028571428571428,0.45952926145225725,0.2861591653537491,0.022698296426475698,70,0,false
central,500,500,43.1,0.5245565491888647,0.29042890281777056,0.08772558416308314,70,0,false
central,1000,1000,79.38571428571429,0.5316767542859303,0.2917510802052251,0.09484578926014872,70,34,false
central,all-available,,296.1857142857143,0.5666369702076173,0.2875982387183769,0.12980600518183572,70,36,true
fedavg,0,0,0.0,0.4356690605951484,0.2639731349698584,0.0,70,0,false
fedavg,1,1,0.08571428571428572,0.4366274945596114,0.2644382514505909,0.0009584339644629984,70,0,false
fedavg,10,10,0.8571428571428571,0.4376682312838772,0.2645804180881249,0.0019991706887287908,70,0,false
fedavg,50,50,4.485714285714286,0.45033613837596104,0.26399579344657065,0.014667077780812585,70,0,false
fedavg,100,100,9.028571428571428,0.45746255842669986,0.2641172682815234,0.021793497831551458,70,0,false
fedavg,500,500,43.1,0.5052334840849805,0.25311060520736234,0.06956442348983204,70,0,false
fedavg,1000,1000,79.38571428571429,0.5299975505601903,0.2515280001377014,0.09432848996504191,70,34,false
fedavg,all-available,,296.1857142857143,0.5600256332287362,0.25873528127080236,0.1243565726335878,70,36,true
fedavg-finetune,0,0,0.0,0.46135867719667356,0.2569174238126225,0.0,70,0,false
fedavg-finetune,1,1,0.08571428571428572,0.46093728788366783,0.25655778278686237,-0.0004213893130057455,70,0,false
fedavg-finetune,10,10,0.8571428571428571,0.4577215571533207,0.2566825737169832,-0.0036371200433528775,70,0,false
fedavg-finetune,50,50,4.485714285714286,0.4738649301142116,0.25632384302841676,0.012506252917538029,70,0,false
fedavg-finetune,100,100,9.028571428571428,0.4762544313368992,0.2561458776427181,0.014895754140225669,70,0,false
fedavg-finetune,500,500,43.1,0.5036024904086988,0.23967434292478015,0.04224381321202518,70,0,false
fedavg-finetune,1000,1000,79.38571428571429,0.522580206397215,0.2365375724920941,0.06122152920054146,70,34,false
fedavg-finetune,all-available,,296.1857142857143,0.5466889789908338,0.24035630117830847,0.08533030179416025,70,36,true
