set,population,client,seeds,dose,mean_ctk,ci_low,ci_high,evidence_class
primary-set,federation-wide,anzhi,10,10,0.02370522337747423,0.008565537040995998,0.06416351309128832,D-post-hoc-diagnostic
primary-set,federation-wide,anzhi,10,25,0.04090593774420327,0.022848734128832694,0.09097469634138569,D-post-hoc-diagnostic
primary-set,federation-wide,anzhi,10,50,0.06883827816819399,0.04906334101404559,0.11643579897867118,D-post-hoc-diagnostic
primary-set,federation-wide,anzhi,10,100,0.1095942438079581,0.08979143092619486,0.13796470345855533,D-post-hoc-diagnostic
primary-set,federation-wide,anzhi,10,200,0.15745079527429298,0.11400408248335919,0.19740694897940014,D-post-hoc-diagnostic
primary-set,federation-wide,appchina,8,10,0.03540335719852751,0.00648835960081306,0.13416302400745436,D-post-hoc-diagnostic
primary-set,federation-wide,appchina,8,25,0.03820869053349926,0.00894408951110664,0.11016725545222922,D-post-hoc-diagnostic
primary-set,federation-wide,appchina,8,50,0.060028099840684496,0.019930022702129624,0.16872770549813143,D-post-hoc-diagnostic
primary-set,federation-wide,appchina,8,100,0.08554590869821489,0.03533607517690337,0.18402742888693369,D-post-hoc-diagnostic
primary-set,federation-wide,appchina,8,200,0.11237007088350348,0.04911689247889416,0.2101701542956786,D-post-hoc-diagnostic
primary-set,federation-wide,play-early,8,10,0.049872553101603434,0.012725817673478234,0.09809489166864885,D-post-hoc-diagnostic
primary-set,federation-wide,play-early,8,25,0.11056372689033583,0.05635902467752257,0.18747199661432754,D-post-hoc-diagnostic
primary-set,federation-wide,play-early,8,50,0.15463020004277772,0.07961474888824374,0.24920769988332098,D-post-hoc-diagnostic
primary-set,federation-wide,play-early,8,100,0.20212178516713042,0.10667090751365382,0.3187696238099603,D-post-hoc-diagnostic
primary-set,federation-wide,play-early,8,200,0.23114565078073668,0.1312601631697276,0.35389223750711746,D-post-hoc-diagnostic
primary-set,federation-wide,play-late,8,10,0.09667347720112368,0.059055863212370316,0.13123956053732524,D-post-hoc-diagnostic
primary-set,federation-wide,play-late,8,25,0.22928109024119137,0.1532683297775182,0.32176176057061173,D-post-hoc-diagnostic
primary-set,federation-wide,play-late,8,50,0.3512586815135975,0.23499379198409318,0.47460759543088005,D-post-hoc-diagnostic
primary-set,federation-wide,play-late,8,100,0.3995789838039893,0.28411837295208764,0.5201272192219865,D-post-hoc-diagnostic
primary-set,federation-wide,play-late,8,200,0.440546330279219,0.32216255989427744,0.5614021651574712,D-post-hoc-diagnostic
primary-set,own-domain,anzhi,9,10,0.0036526796491978203,-0.01285980336136645,0.01915783055212721,D-post-hoc-diagnostic
primary-set,own-domain,anzhi,9,25,0.01890268274842412,0.007851873303464572,0.03440031840088076,D-post-hoc-diagnostic
primary-set,own-domain,anzhi,9,50,0.03343840173161783,0.019319371968350395,0.05203368083067815,D-post-hoc-diagnostic
primary-set,own-domain,anzhi,9,100,0.04862170487356004,0.03220782250110247,0.06735503754638449,D-post-hoc-diagnostic
primary-set,own-domain,anzhi,9,200,0.05444899793185697,0.03867191616145028,0.07362157612163571,D-post-hoc-diagnostic
primary-set,own-domain,appchina,8,10,0.008602960887293266,-0.030439788637936952,0.046897536151552704,D-post-hoc-diagnostic
primary-set,own-domain,appchina,8,25,0.018387049392448607,-0.0038096878952777148,0.04499630977251691,D-post-hoc-diagnostic
primary-set,own-domain,appchina,8,50,0.029977481534361215,0.0019330363344171589,0.10062274944527697,D-post-hoc-diagnostic
primary-set,own-domain,appchina,8,100,0.041887534933441474,-0.0065645844212165495,0.11197556993800892,D-post-hoc-diagnostic
primary-set,own-domain,appchina,8,200,0.04647385406717772,-0.006279531395495486,0.1323668966525419,D-post-hoc-diagnostic
primary-set,own-domain,play-early,8,10,0.06475024953725853,0.032986748854381194,0.11014479251840234,D-post-hoc-diagnostic
primary-set,own-domain,play-early,8,25,0.12962957911474343,0.06873786613615002,0.2105698789290278,D-post-hoc-diagnostic
primary-set,own-domain,play-early,8,50,0.17818043339619133,0.10360295842176717,0.2736068927479459,D-post-hoc-diagnostic
primary-set,own-domain,play-early,8,100,0.1944759159893485,0.07390910569208994,0.3137499269978401,D-post-hoc-diagnostic
primary-set,own-domain,play-early,8,200,0.20168479167280812,0.08516767086856497,0.34267743015216634,D-post-hoc-diagnostic
primary-set,own-domain,play-late,8,10,0.07113170203148506,0.03245798319327732,0.1579283772233009,D-post-hoc-diagnostic
primary-set,own-domain,play-late,8,25,0.20139539613789015,0.11112993376565028,0.32898040171202614,D-post-hoc-diagnostic
primary-set,own-domain,play-late,8,50,0.35607246082806565,0.230058157760343,0.4720623951921906,D-post-hoc-diagnostic
primary-set,own-domain,play-late,8,100,0.4729590594510059,0.34261053158652555,0.6061834237045647,D-post-hoc-diagnostic
primary-set,own-domain,play-late,8,200,0.5768285069667232,0.41348577892695537,0.6889847893543818,D-post-hoc-diagnostic
replication-set,federation-wide,anzhi,10,10,0.008859247166978905,-0.0017104056310257403,0.030109407231499515,D-post-hoc-diagnostic
replication-set,federation-wide,anzhi,10,25,0.011928362046551653,0.0015404998380366451,0.03172910381563484,D-post-hoc-diagnostic
replication-set,federation-wide,anzhi,10,50,0.02362174380289736,0.01162403305573104,0.04302043045448874,D-post-hoc-diagnostic
replication-set,federation-wide,anzhi,10,100,0.1087511114332091,0.03535837374766892,0.23981889261648642,D-post-hoc-diagnostic
replication-set,federation-wide,anzhi,10,200,0.10019185775561854,0.05181201767873794,0.18448174479299506,D-post-hoc-diagnostic
replication-set,federation-wide,appchina,10,10,0.03093455721459476,0.014151846367482283,0.05561437983953646,D-post-hoc-diagnostic
replication-set,federation-wide,appchina,10,25,0.0196238472932488,-0.012912531482124429,0.04195160488420201,D-post-hoc-diagnostic
replication-set,federation-wide,appchina,10,50,0.029639257948257287,-0.007907055695953739,0.0610663768799633,D-post-hoc-diagnostic
replication-set,federation-wide,appchina,10,100,0.06501103037527531,0.02310763418734087,0.16868719303846025,D-post-hoc-diagnostic
replication-set,federation-wide,appchina,10,200,0.0670318567339501,0.015501725181312445,0.12497721612891363,D-post-hoc-diagnostic
replication-set,federation-wide,play-early,9,10,0.01919817097876054,0.005000412044823044,0.034465666396163136,D-post-hoc-diagnostic
replication-set,federation-wide,play-early,9,25,0.037157172813624205,0.018696841666103414,0.07279238420430276,D-post-hoc-diagnostic
replication-set,federation-wide,play-early,9,50,0.06265151698974637,0.03606176321016901,0.09169832695438117,D-post-hoc-diagnostic
replication-set,federation-wide,play-early,9,100,0.08064207754787772,0.03854443424336539,0.1113342260674215,D-post-hoc-diagnostic
replication-set,federation-wide,play-early,9,200,0.11898355112532033,0.06916179178604931,0.15744058565030808,D-post-hoc-diagnostic
replication-set,federation-wide,play-late,6,10,0.019218328501667725,0.005197064922927273,0.044820814922609135,D-post-hoc-diagnostic
replication-set,federation-wide,play-late,6,25,0.06077384746875477,0.021189504317173802,0.1674813203314751,D-post-hoc-diagnostic
replication-set,federation-wide,play-late,6,50,0.08271117105148042,0.036195968728805684,0.1711559007928524,D-post-hoc-diagnostic
replication-set,federation-wide,play-late,6,100,0.10929535865739136,0.053827657081130464,0.22542031331974233,D-post-hoc-diagnostic
replication-set,federation-wide,play-late,6,200,0.12596616719241277,0.06640131644156586,0.24582903533570144,D-post-hoc-diagnostic
replication-set,own-domain,anzhi,10,10,0.0007292229604477004,-0.010406693173719068,0.005954558377734417,D-post-hoc-diagnostic
replication-set,own-domain,anzhi,10,25,0.0075066901392350045,-0.0030235115739106716,0.018619027839419267,D-post-hoc-diagnostic
replication-set,own-domain,anzhi,10,50,0.02403965896893059,0.010572192043262874,0.05027683221313294,D-post-hoc-diagnostic
replication-set,own-domain,anzhi,10,100,0.19065378153967938,0.05425382246368803,0.47902981017690993,D-post-hoc-diagnostic
replication-set,own-domain,anzhi,10,200,0.1324954744622604,0.047980081946366444,0.26700341864621235,D-post-hoc-diagnostic
replication-set,own-domain,appchina,10,10,0.04056565842408081,0.01385025263123062,0.09360906161804605,D-post-hoc-diagnostic
replication-set,own-domain,appchina,10,25,0.03893216594657189,0.01730588415966535,0.07169905417462628,D-post-hoc-diagnostic
replication-set,own-domain,appchina,10,50,0.06588089507881781,0.030576778916386015,0.11200820781202682,D-post-hoc-diagnostic
replication-set,own-domain,appchina,10,100,0.09776394226265506,0.042672208024455,0.20069460927737223,D-post-hoc-diagnostic
replication-set,own-domain,appchina,10,200,0.12115483065887642,0.05928402384779617,0.2593445331629368,D-post-hoc-diagnostic
replication-set,own-domain,play-early,8,10,0.01761761877580826,0.0058265582655826625,0.04187968919537392,D-post-hoc-diagnostic
replication-set,own-domain,play-early,8,25,0.04318079628258332,0.020124393843558942,0.07486938389307991,D-post-hoc-diagnostic
replication-set,own-domain,play-early,8,50,0.03219569323598834,0.00390625,0.07572903891100106,D-post-hoc-diagnostic
replication-set,own-domain,play-early,8,100,0.05203653378149058,0.010911183572561572,0.10900985504296277,D-post-hoc-diagnostic
replication-set,own-domain,play-early,8,200,0.05373825732594375,0.015514905149051489,0.09797700711382114,D-post-hoc-diagnostic
replication-set,own-domain,play-late,5,10,0.03287063813379605,0.009523809523809535,0.0552149604781184,D-post-hoc-diagnostic
replication-set,own-domain,play-late,5,25,0.0740061692693272,0.05110275689223063,0.12428571428571433,D-post-hoc-diagnostic
replication-set,own-domain,play-late,5,50,0.12210140736456525,0.07182186234817814,0.17238095238095236,D-post-hoc-diagnostic
replication-set,own-domain,play-late,5,100,0.1436302294197031,0.10472527472527471,0.1693483709273183,D-post-hoc-diagnostic
replication-set,own-domain,play-late,5,200,0.1536302294197031,0.10630422209369576,0.18476190476190474,D-post-hoc-diagnostic
pooled-family-sets,federation-wide,anzhi,10,10,0.0163133321804898,0.006334867571234306,0.034722566036155846,D-post-hoc-diagnostic
pooled-family-sets,federation-wide,anzhi,10,25,0.026717810873933594,0.013841418063672953,0.0504049687482538,D-post-hoc-diagnostic
pooled-family-sets,federation-wide,anzhi,10,50,0.04777223939809105,0.033501623163959035,0.07263130412254382,D-post-hoc-diagnostic
pooled-family-sets,federation-wide,anzhi,10,100,0.11046352167144424,0.07475390048412942,0.1758472279019304,D-post-hoc-diagnostic
pooled-family-sets,federation-wide,anzhi,10,200,0.13214219323204118,0.10967046889147603,0.1598237926000392,D-post-hoc-diagnostic
pooled-family-sets,federation-wide,appchina,10,10,0.03796685347845437,0.0198470664490513,0.06633621121946005,D-post-hoc-diagnostic
pooled-family-sets,federation-wide,appchina,10,25,0.030381052810317416,0.01517782795816431,0.06600785077354022,D-post-hoc-diagnostic
pooled-family-sets,federation-wide,appchina,10,50,0.046366689488632484,0.024400057770965124,0.10089676338277659,D-post-hoc-diagnostic
pooled-family-sets,federation-wide,appchina,10,100,0.07719622824243569,0.043531195135743606,0.14199372912701388,D-post-hoc-diagnostic
pooled-family-sets,federation-wide,appchina,10,200,0.0954136851233989,0.05704139126872131,0.15371720129215058,D-post-hoc-diagnostic
pooled-family-sets,federation-wide,play-early,9,10,0.03195543571722974,0.010835441004421761,0.05873983240291769,D-post-hoc-diagnostic
pooled-family-sets,federation-wide,play-early,9,25,0.06708059081548423,0.03672651987447913,0.11250609120600018,D-post-hoc-diagnostic
pooled-family-sets,federation-wide,play-early,9,50,0.09876422393152876,0.05739465134725292,0.14635437969027765,D-post-hoc-diagnostic
pooled-family-sets,federation-wide,play-early,9,100,0.13179985952256257,0.07880879582410309,0.19528759554305633,D-post-hoc-diagnostic
pooled-family-sets,federation-wide,play-early,9,200,0.16680506555925073,0.10988930781387854,0.2351162386931187,D-post-hoc-diagnostic
pooled-family-sets,federation-wide,play-late,9,10,0.07765367290316814,0.050322411251907534,0.11304727564151548,D-post-hoc-diagnostic
pooled-family-sets,federation-wide,play-late,9,25,0.19344256511197078,0.12560394652572088,0.28008830031302917,D-post-hoc-diagnostic
pooled-family-sets,federation-wide,play-late,9,50,0.2780082421787607,0.18552137014241527,0.39911505680709447,D-post-hoc-diagnostic
pooled-family-sets,federation-wide,play-late,9,100,0.3216066940307789,0.2258085155127868,0.44530691213911394,D-post-hoc-diagnostic
pooled-family-sets,federation-wide,play-late,9,200,0.35398878696760266,0.25142927481331656,0.4692988747012681,D-post-hoc-diagnostic
pooled-family-sets,own-domain,anzhi,10,10,0.0013213358988187437,-0.007976975658125612,0.00974901489214669,D-post-hoc-diagnostic
pooled-family-sets,own-domain,anzhi,10,25,0.013981677075872122,0.004545747424524035,0.025036368906488395,D-post-hoc-diagnostic
pooled-family-sets,own-domain,anzhi,10,50,0.02912342216437382,0.01765774186881045,0.03861349234391243,D-post-hoc-diagnostic
pooled-family-sets,own-domain,anzhi,10,100,0.11770826037917219,0.05067609832406934,0.26710371904375013,D-post-hoc-diagnostic
pooled-family-sets,own-domain,anzhi,10,200,0.09065050179556244,0.048562874993178635,0.1515534749965953,D-post-hoc-diagnostic
pooled-family-sets,own-domain,appchina,10,10,0.03540466069149985,0.0061675758743913985,0.08716520882394915,D-post-hoc-diagnostic
pooled-family-sets,own-domain,appchina,10,25,0.03556926277793827,0.022816326851007106,0.05139562229079316,D-post-hoc-diagnostic
pooled-family-sets,own-domain,appchina,10,50,0.06053159053458009,0.03350957131949479,0.10822475137344517,D-post-hoc-diagnostic
pooled-family-sets,own-domain,appchina,10,100,0.08802162789666508,0.04796981929089484,0.14260039291661802,D-post-hoc-diagnostic
pooled-family-sets,own-domain,appchina,10,200,0.11544326773377112,0.05899992977111597,0.25888249092327875,D-post-hoc-diagnostic
pooled-family-sets,own-domain,play-early,9,10,0.04328544601941669,0.028275183333759623,0.06255734088214969,D-post-hoc-diagnostic
pooled-family-sets,own-domain,play-early,9,25,0.09757685746879535,0.05910951183948962,0.18542965599351202,D-post-hoc-diagnostic
pooled-family-sets,own-domain,play-early,9,50,0.11675075435100236,0.0676501393065728,0.21489829367943222,D-post-hoc-diagnostic
pooled-family-sets,own-domain,play-early,9,100,0.140157828061731,0.07110695138579874,0.2468254108805764,D-post-hoc-diagnostic
pooled-family-sets,own-domain,play-early,9,200,0.14257610398207674,0.07593805080879441,0.2544241633889478,D-post-hoc-diagnostic
pooled-family-sets,own-domain,play-late,9,10,0.06684315953544556,0.03272142903417915,0.1430035842751705,D-post-hoc-diagnostic
pooled-family-sets,own-domain,play-late,9,25,0.18047022190504844,0.10152194502264875,0.3040063042370023,D-post-hoc-diagnostic
pooled-family-sets,own-domain,play-late,9,50,0.30685653977256566,0.19183525993209297,0.43782527322033854,D-post-hoc-diagnostic
pooled-family-sets,own-domain,play-late,9,100,0.39256839144343925,0.281358708662535,0.5484214763963047,D-post-hoc-diagnostic
pooled-family-sets,own-domain,play-late,9,200,0.4636659958934227,0.33313616897782006,0.5919475711190255,D-post-hoc-diagnostic
