experiment,learner,population,family,ctk,ctk_lo,ctk_hi,ctk_seeds,ctk_pos,evidence_class
controlled-exposure,fedavg,own-domain,airpush,0.11699182787217777,0.040163000862403174,0.23391845692189908,10,9,C-post-confirmatory-evidence-preserving
controlled-exposure,fedavg,federation-wide,airpush,0.0871103986999002,0.05973314268215079,0.11540200601225348,10,10,C-post-confirmatory-evidence-preserving
controlled-exposure,fedavg,own-domain,revmob,0.28705500163452113,0.19868165885728822,0.37735233350586617,10,10,C-post-confirmatory-evidence-preserving
controlled-exposure,fedavg,federation-wide,revmob,0.33376280158758903,0.24596340343889028,0.43334151319160047,10,10,C-post-confirmatory-evidence-preserving
controlled-exposure,fedavg,own-domain,dowgin,-0.03351011921999887,-0.09779393028067038,0.013250443232832877,10,4,C-post-confirmatory-evidence-preserving
controlled-exposure,fedavg,federation-wide,dowgin,0.0013645484107981387,-0.018004866226690636,0.019074835172735963,10,7,C-post-confirmatory-evidence-preserving
controlled-exposure,fedavg,own-domain,adwo,0.06907874204899395,0.03279837015928494,0.10602101544721425,10,7,C-post-confirmatory-evidence-preserving
controlled-exposure,fedavg,federation-wide,adwo,0.1036895573502737,0.05186735364811337,0.15718836451082227,10,8,C-post-confirmatory-evidence-preserving
controlled-exposure,fedavg,own-domain,gappusin,0.003720952789892401,-0.03378146463257232,0.038761609272594345,10,5,C-post-confirmatory-evidence-preserving
controlled-exposure,fedavg,federation-wide,gappusin,0.03456743686200691,0.010486725874441948,0.059759875690985974,10,8,C-post-confirmatory-evidence-preserving
controlled-exposure,fedavg,own-domain,leadbolt,0.30120100619763557,0.143378697234544,0.47470453122973594,10,8,C-post-confirmatory-evidence-preserving
controlled-exposure,fedavg,federation-wide,leadbolt,0.27746291662209355,0.22619926386975547,0.3264546490283037,10,10,C-post-confirmatory-evidence-preserving
controlled-exposure,fedavg,own-domain,hiddad,-0.012060793584573315,-0.05192235375237566,0.028850878412830856,10,2,C-post-confirmatory-evidence-preserving
controlled-exposure,fedavg,federation-wide,hiddad,0.03253834890245297,0.014695826099014268,0.05104836133214108,10,9,C-post-confirmatory-evidence-preserving
replication-family-set,fedavg,own-domain,dnotua,-0.09612412177985949,-0.2812295081967213,0.02857142857142857,10,1,C-post-confirmatory-evidence-preserving
replication-family-set,fedavg,federation-wide,dnotua,-0.08243258405542757,-0.24995621330291043,0.00817916250134548,10,2,C-post-confirmatory-evidence-preserving
replication-family-set,fedavg,own-domain,inmobi,0.19882032477292155,0.12015740177592148,0.28618645427532674,10,9,C-post-confirmatory-evidence-preserving
replication-family-set,fedavg,federation-wide,inmobi,0.13625805423786647,0.08764557837057185,0.1852604129079171,10,10,C-post-confirmatory-evidence-preserving
replication-family-set,fedavg,own-domain,smsreg,0.050019596185657454,-0.03079782167895129,0.11608075824075643,10,8,C-post-confirmatory-evidence-preserving
replication-family-set,fedavg,federation-wide,smsreg,0.04432422850626871,0.012270800026273728,0.07488529854421445,10,8,C-post-confirmatory-evidence-preserving
replication-family-set,fedavg,own-domain,kuguo,0.02472576929274411,-0.012135487848987226,0.07423114865976516,10,5,C-post-confirmatory-evidence-preserving
replication-family-set,fedavg,federation-wide,kuguo,0.042263189484589736,0.007292486070710808,0.07621222273664993,10,9,C-post-confirmatory-evidence-preserving
replication-family-set,fedavg,own-domain,youmi,0.014366778176112722,-0.023688256761159984,0.05636989647046111,10,4,C-post-confirmatory-evidence-preserving
replication-family-set,fedavg,federation-wide,youmi,0.04200232510193046,-0.005265955226414869,0.09801220691620317,10,5,C-post-confirmatory-evidence-preserving
replication-family-set,fedavg,own-domain,zdtad,0.0,0.0,0.0,6,0,C-post-confirmatory-evidence-preserving
replication-family-set,fedavg,federation-wide,zdtad,-0.020648648494454098,-0.05602495324326948,0.015224855932820488,6,2,C-post-confirmatory-evidence-preserving
replication-family-set,fedavg,own-domain,domob,0.0482115768656898,0.003901451343580094,0.10584123709543691,10,6,C-post-confirmatory-evidence-preserving
replication-family-set,fedavg,federation-wide,domob,0.12035563750670877,0.04340204655297065,0.20769131694148288,10,8,C-post-confirmatory-evidence-preserving
replication-family-set,fedavg,own-domain,utchi,-0.032520325203252036,-0.09756097560975611,0.0,6,0,C-post-confirmatory-evidence-preserving
replication-family-set,fedavg,federation-wide,utchi,0.01854534764622993,-0.015065913370998116,0.052334012094286064,6,2,C-post-confirmatory-evidence-preserving
natural-scarcity,fedavg,own-domain,adwo,0.03971998564028925,0.0071691176470595145,0.0841838042976563,8,3,C-post-confirmatory-evidence-preserving
natural-scarcity,fedavg,federation-wide,adwo,0.040436306224358745,0.016092190890513693,0.07142884491158098,8,8,C-post-confirmatory-evidence-preserving
natural-scarcity,fedavg,own-domain,dowgin,-0.08141612691560182,-0.12192832388862819,-0.044969464841631446,10,0,C-post-confirmatory-evidence-preserving
natural-scarcity,fedavg,federation-wide,dowgin,-0.006555333442697414,-0.01842164385597379,0.004707979891610119,10,4,C-post-confirmatory-evidence-preserving
natural-scarcity,fedavg,own-domain,gappusin,0.0214878024220446,-0.02575235109717867,0.07140506705161874,10,4,C-post-confirmatory-evidence-preserving
natural-scarcity,fedavg,federation-wide,gappusin,0.10857378599303033,0.05826453622901836,0.1585553888170328,10,8,C-post-confirmatory-evidence-preserving
natural-scarcity,fedavg,own-domain,airpush,0.14603070214006938,0.09771386501061798,0.19721294665891184,10,10,C-post-confirmatory-evidence-preserving
natural-scarcity,fedavg,federation-wide,airpush,0.14336034562100514,0.11350461619636415,0.17166571542527123,10,10,C-post-confirmatory-evidence-preserving
natural-scarcity,fedavg,own-domain,leadbolt,0.3368459242282772,0.2529481089272497,0.41578580151358796,10,10,C-post-confirmatory-evidence-preserving
natural-scarcity,fedavg,federation-wide,leadbolt,0.30053539506659616,0.2603156098941139,0.3424993673084876,10,10,C-post-confirmatory-evidence-preserving
natural-scarcity,fedavg,own-domain,revmob,0.3006748235144554,0.2475185045747895,0.34721078898760116,10,10,C-post-confirmatory-evidence-preserving
natural-scarcity,fedavg,federation-wide,revmob,0.32688622915388604,0.26873017912242203,0.3842239366439989,10,10,C-post-confirmatory-evidence-preserving
natural-scarcity,fedavg,own-domain,hiddad,-0.08360165118679053,-0.1269607843137254,-0.04649122807017548,6,0,C-post-confirmatory-evidence-preserving
natural-scarcity,fedavg,federation-wide,hiddad,0.03049605352492701,0.008390688488667667,0.055736771270374484,6,5,C-post-confirmatory-evidence-preserving
model-family-replication-linear,fedavg,own-domain,airpush,0.1769355582067032,0.11504662625418452,0.2438766182651077,10,10,C-post-confirmatory-evidence-preserving
model-family-replication-linear,fedavg,federation-wide,airpush,0.12879377763278546,0.10163674995667939,0.158656080492593,10,10,C-post-confirmatory-evidence-preserving
model-family-replication-linear,fedavg,own-domain,revmob,0.041771094402673355,0.005555555555555547,0.08145363408521307,10,4,C-post-confirmatory-evidence-preserving
model-family-replication-linear,fedavg,federation-wide,revmob,0.14699306304942594,0.06411912523550209,0.24605707400623006,10,10,C-post-confirmatory-evidence-preserving
model-family-replication-linear,fedavg,own-domain,dowgin,0.030898434551203093,0.0096841397504557,0.054358711383761776,10,6,C-post-confirmatory-evidence-preserving
model-family-replication-linear,fedavg,federation-wide,dowgin,0.05743795461967387,0.039355125665439215,0.07573427556441212,10,10,C-post-confirmatory-evidence-preserving
model-family-replication-linear,fedavg,own-domain,adwo,0.05038201829065782,0.025230374980180756,0.07525413111246033,10,7,C-post-confirmatory-evidence-preserving
model-family-replication-linear,fedavg,federation-wide,adwo,0.1069827119944488,0.0703350577635275,0.1463649778520623,10,10,C-post-confirmatory-evidence-preserving
model-family-replication-linear,fedavg,own-domain,gappusin,0.05921206947115931,0.03682966744236425,0.08564521611235576,10,10,C-post-confirmatory-evidence-preserving
model-family-replication-linear,fedavg,federation-wide,gappusin,0.05842556131499077,0.03985039480686229,0.07850202357656606,10,10,C-post-confirmatory-evidence-preserving
model-family-replication-linear,fedavg,own-domain,leadbolt,0.16442589004608382,0.10850352990399682,0.2300735701669052,10,10,C-post-confirmatory-evidence-preserving
model-family-replication-linear,fedavg,federation-wide,leadbolt,0.0840421764933266,0.04510941772981485,0.1315413282635915,10,10,C-post-confirmatory-evidence-preserving
model-family-replication-linear,fedavg,own-domain,hiddad,-0.017460251239975896,-0.053823529411764715,0.010767626199415969,10,3,C-post-confirmatory-evidence-preserving
model-family-replication-linear,fedavg,federation-wide,hiddad,-0.0014829679408240926,-0.00913261213927955,0.007209441166720404,10,2,C-post-confirmatory-evidence-preserving
controlled-exposure,central,own-domain,airpush,0.1226001114526242,0.05071837265017198,0.21613844111743885,10,9,C-post-confirmatory-evidence-preserving
controlled-exposure,central,federation-wide,airpush,0.09888825385508405,0.05321378519670231,0.14882193744701877,10,9,C-post-confirmatory-evidence-preserving
controlled-exposure,central,own-domain,revmob,0.3869108459554684,0.22750569812211696,0.5473955109694527,10,10,C-post-confirmatory-evidence-preserving
controlled-exposure,central,federation-wide,revmob,0.3327555161275147,0.2128140368215204,0.45367734487444955,10,10,C-post-confirmatory-evidence-preserving
controlled-exposure,central,own-domain,dowgin,0.00006280064486688942,-0.03884964372103903,0.039717120557961026,10,4,C-post-confirmatory-evidence-preserving
controlled-exposure,central,federation-wide,dowgin,0.014386996124582574,-0.011865721996626442,0.0380487088843755,10,7,C-post-confirmatory-evidence-preserving
controlled-exposure,central,own-domain,adwo,0.03591869247401583,-0.004200849773305587,0.08036638475514922,10,6,C-post-confirmatory-evidence-preserving
controlled-exposure,central,federation-wide,adwo,0.06670831049109723,0.01475100299648334,0.11480927240568702,10,9,C-post-confirmatory-evidence-preserving
controlled-exposure,central,own-domain,gappusin,0.07076057821118646,0.029406750295749094,0.11789237081680731,10,9,C-post-confirmatory-evidence-preserving
controlled-exposure,central,federation-wide,gappusin,0.0931436783795454,0.042988572770150425,0.1431310496596928,10,8,C-post-confirmatory-evidence-preserving
controlled-exposure,central,own-domain,leadbolt,0.3008048634243331,0.14423930347115832,0.48891709322357285,10,10,C-post-confirmatory-evidence-preserving
controlled-exposure,central,federation-wide,leadbolt,0.2740498587176149,0.22220973707268452,0.3311173142888668,10,10,C-post-confirmatory-evidence-preserving
controlled-exposure,central,own-domain,hiddad,-0.002960645251008204,-0.036902690863579474,0.03423202614379085,10,3,C-post-confirmatory-evidence-preserving
controlled-exposure,central,federation-wide,hiddad,0.028709422577411207,-0.0002601417873020369,0.058807772792342373,10,6,C-post-confirmatory-evidence-preserving
replication-family-set,central,own-domain,dnotua,0.030662714498351746,-0.007334781184042472,0.08430667539396826,10,6,C-post-confirmatory-evidence-preserving
replication-family-set,central,federation-wide,dnotua,0.011652579402503537,-0.007669271261741516,0.03836709545578728,10,5,C-post-confirmatory-evidence-preserving
replication-family-set,central,own-domain,inmobi,0.22963884701388526,0.12735807004853691,0.3474453149825004,10,9,C-post-confirmatory-evidence-preserving
replication-family-set,central,federation-wide,inmobi,0.20934142583093163,0.14469867922587745,0.28702639086991155,10,10,C-post-confirmatory-evidence-preserving
replication-family-set,central,own-domain,smsreg,0.09963455082004989,0.0024641441027235143,0.21860440444235985,10,6,C-post-confirmatory-evidence-preserving
replication-family-set,central,federation-wide,smsreg,0.05680326378584244,0.02908088588499208,0.08506044034580885,10,9,C-post-confirmatory-evidence-preserving
replication-family-set,central,own-domain,kuguo,-0.010702171971163799,-0.046149518684923306,0.022001006207566242,10,4,C-post-confirmatory-evidence-preserving
replication-family-set,central,federation-wide,kuguo,0.0496424087563184,0.0120960861077671,0.08408226966649433,10,9,C-post-confirmatory-evidence-preserving
replication-family-set,central,own-domain,youmi,0.01332473189403526,-0.019118347239337107,0.04699511788351088,10,6,C-post-confirmatory-evidence-preserving
replication-family-set,central,federation-wide,youmi,0.05371337567727308,0.00014621239627766457,0.11481528537321951,10,7,C-post-confirmatory-evidence-preserving
replication-family-set,central,own-domain,zdtad,-0.027777777777777773,-0.08333333333333331,0.0,6,0,C-post-confirmatory-evidence-preserving
replication-family-set,central,federation-wide,zdtad,0.022790181334332398,-0.003390633675115956,0.047319459932478956,6,4,C-post-confirmatory-evidence-preserving
replication-family-set,central,own-domain,domob,0.07543099240981736,-0.007182706448948445,0.16742450193175132,10,6,C-post-confirmatory-evidence-preserving
replication-family-set,central,federation-wide,domob,0.10306967402320955,0.017598736177658024,0.19152865679980272,10,7,C-post-confirmatory-evidence-preserving
replication-family-set,central,own-domain,utchi,0.125493407239439,-0.11734693877551021,0.49794238683127573,6,1,C-post-confirmatory-evidence-preserving
replication-family-set,central,federation-wide,utchi,0.10703448839947934,-0.1013215859030837,0.4392317737905973,6,1,C-post-confirmatory-evidence-preserving
natural-scarcity,central,own-domain,adwo,0.019494047619047605,0.005208333333333329,0.037950148809523784,8,3,C-post-confirmatory-evidence-preserving
natural-scarcity,central,federation-wide,adwo,0.031120629155402396,0.017540129190692203,0.04763973315211439,8,8,C-post-confirmatory-evidence-preserving
natural-scarcity,central,own-domain,dowgin,-0.00010267072972528213,-0.050639222352906334,0.05812869429012603,10,4,C-post-confirmatory-evidence-preserving
natural-scarcity,central,federation-wide,dowgin,0.010585252566766989,-0.0020409091841620494,0.02199693524478357,10,8,C-post-confirmatory-evidence-preserving
natural-scarcity,central,own-domain,gappusin,0.000022070952303510084,-0.02094030001006747,0.02494714587737845,10,2,C-post-confirmatory-evidence-preserving
natural-scarcity,central,federation-wide,gappusin,0.0940458408434405,0.06585778133092537,0.12450416395420293,10,10,C-post-confirmatory-evidence-preserving
natural-scarcity,central,own-domain,airpush,0.12768911337226488,0.08435840584716532,0.16991661624485058,10,10,C-post-confirmatory-evidence-preserving
natural-scarcity,central,federation-wide,airpush,0.1536846330531145,0.12452589232155897,0.1812292018166318,10,10,C-post-confirmatory-evidence-preserving
natural-scarcity,central,own-domain,leadbolt,0.3263725075091174,0.24013487210673745,0.41736275421917834,10,10,C-post-confirmatory-evidence-preserving
natural-scarcity,central,federation-wide,leadbolt,0.30256855571328495,0.24745114164185494,0.3633630505329373,10,10,C-post-confirmatory-evidence-preserving
natural-scarcity,central,own-domain,revmob,0.35265027578537134,0.2653049679158468,0.4376589173808349,10,10,C-post-confirmatory-evidence-preserving
natural-scarcity,central,federation-wide,revmob,0.2937753688661253,0.24193176886645737,0.34560724777938406,10,10,C-post-confirmatory-evidence-preserving
natural-scarcity,central,own-domain,hiddad,-0.027543859649122825,-0.1350877192982456,0.07999999999999996,6,2,C-post-confirmatory-evidence-preserving
natural-scarcity,central,federation-wide,hiddad,0.0012556009422885785,-0.016491809771050425,0.02536320162070928,6,2,C-post-confirmatory-evidence-preserving
model-family-replication-linear,central,own-domain,airpush,0.1571785245647653,0.10803708665213312,0.21570652307378618,10,10,C-post-confirmatory-evidence-preserving
model-family-replication-linear,central,federation-wide,airpush,0.14256769667855643,0.106345599387348,0.18362370110414564,10,10,C-post-confirmatory-evidence-preserving
model-family-replication-linear,central,own-domain,revmob,0.06671679197994988,0.013263157894737114,0.13619172932330834,10,4,C-post-confirmatory-evidence-preserving
model-family-replication-linear,central,federation-wide,revmob,0.16004573298343222,0.05335828161337557,0.27979338824277367,10,9,C-post-confirmatory-evidence-preserving
model-family-replication-linear,central,own-domain,dowgin,0.009998091123021602,-0.0073194082855840845,0.027316969118680926,10,5,C-post-confirmatory-evidence-preserving
model-family-replication-linear,central,federation-wide,dowgin,0.03297614257594861,0.010246852359545333,0.058451023503040496,10,8,C-post-confirmatory-evidence-preserving
model-family-replication-linear,central,own-domain,adwo,0.02377076822029799,-0.000977824459552345,0.05003780010271484,10,6,C-post-confirmatory-evidence-preserving
model-family-replication-linear,central,federation-wide,adwo,0.07134133906139792,0.03263529627418949,0.10865659772874967,10,9,C-post-confirmatory-evidence-preserving
model-family-replication-linear,central,own-domain,gappusin,0.03096093516538325,0.020328310804946875,0.042013892996894155,10,9,C-post-confirmatory-evidence-preserving
model-family-replication-linear,central,federation-wide,gappusin,0.04174118013653262,0.03219643767747697,0.0519885228961698,10,10,C-post-confirmatory-evidence-preserving
model-family-replication-linear,central,own-domain,leadbolt,0.1647879279614274,0.12905625142489094,0.20544241131355695,10,10,C-post-confirmatory-evidence-preserving
model-family-replication-linear,central,federation-wide,leadbolt,0.08485712934109572,0.04942028311224496,0.12493563821529576,10,10,C-post-confirmatory-evidence-preserving
model-family-replication-linear,central,own-domain,hiddad,-0.012212371946414492,-0.034202127659574456,0.00451167257683215,10,3,C-post-confirmatory-evidence-preserving
model-family-replication-linear,central,federation-wide,hiddad,-0.0005196047122002001,-0.006613597613610823,0.005231696567278504,10,5,C-post-confirmatory-evidence-preserving
model-family-replication-trees,central,own-domain,airpush,0.2078172771920551,0.09396873751729054,0.3494321952417566,10,10,C-post-confirmatory-evidence-preserving
model-family-replication-trees,central,federation-wide,airpush,0.16381104204175195,0.07333201931931625,0.2713634857537195,10,10,C-post-confirmatory-evidence-preserving
model-family-replication-trees,central,own-domain,revmob,0.13491386981947623,0.06250595919145693,0.20996070906432757,10,8,C-post-confirmatory-evidence-preserving
model-family-replication-trees,central,federation-wide,revmob,0.1206143638605355,0.06767328190929144,0.1794620657555636,10,10,C-post-confirmatory-evidence-preserving
model-family-replication-trees,central,own-domain,dowgin,0.005402870735879195,-0.008304957215522962,0.020199930078358814,10,4,C-post-confirmatory-evidence-preserving
model-family-replication-trees,central,federation-wide,dowgin,0.015360510340971778,0.0055899478704297175,0.025013992575312893,10,8,C-post-confirmatory-evidence-preserving
model-family-replication-trees,central,own-domain,adwo,0.05621680986614687,0.013876908360930532,0.09967820386527819,10,7,C-post-confirmatory-evidence-preserving
model-family-replication-trees,central,federation-wide,adwo,0.12639778121525028,0.060121649115349465,0.1910412080468424,10,9,C-post-confirmatory-evidence-preserving
model-family-replication-trees,central,own-domain,gappusin,0.08118734523533747,0.0480958734094431,0.1131282171929383,10,9,C-post-confirmatory-evidence-preserving
model-family-replication-trees,central,federation-wide,gappusin,0.0965086181055285,0.07273550280144338,0.11857434250802051,10,10,C-post-confirmatory-evidence-preserving
model-family-replication-trees,central,own-domain,leadbolt,0.26866767792077384,0.14718241783516928,0.4238172221631506,10,10,C-post-confirmatory-evidence-preserving
model-family-replication-trees,central,federation-wide,leadbolt,0.15151988937501973,0.11452393621246915,0.19552189449956484,10,10,C-post-confirmatory-evidence-preserving
model-family-replication-trees,central,own-domain,hiddad,0.02384925601446252,-0.018790849673202614,0.08046690307328605,10,2,C-post-confirmatory-evidence-preserving
model-family-replication-trees,central,federation-wide,hiddad,0.009201416387276559,0.001800269558635618,0.01920192535636654,10,8,C-post-confirmatory-evidence-preserving
controlled-exposure,fedprox,own-domain,airpush,0.21757046604959926,0.13300897935801112,0.30769004270251704,10,10,C-post-confirmatory-evidence-preserving
controlled-exposure,fedprox,federation-wide,airpush,0.1749452983988297,0.11133532390660664,0.24244476561596526,10,10,C-post-confirmatory-evidence-preserving
controlled-exposure,fedprox,own-domain,revmob,0.238838127928517,0.11179827966655768,0.40324640859394867,10,10,C-post-confirmatory-evidence-preserving
controlled-exposure,fedprox,federation-wide,revmob,0.23872985012719528,0.13854439753542078,0.35468680455169665,10,10,C-post-confirmatory-evidence-preserving
controlled-exposure,fedprox,own-domain,dowgin,-0.0017974717605922063,-0.01949242865309825,0.015014801685369686,10,4,C-post-confirmatory-evidence-preserving
controlled-exposure,fedprox,federation-wide,dowgin,0.027967434374702727,0.008532614643727277,0.0509967736278052,10,7,C-post-confirmatory-evidence-preserving
controlled-exposure,fedprox,own-domain,adwo,0.0314035049850471,0.007980653362668072,0.05452512049021588,10,7,C-post-confirmatory-evidence-preserving
controlled-exposure,fedprox,federation-wide,adwo,0.09580026858993215,0.05397693172605902,0.1360848145515851,10,9,C-post-confirmatory-evidence-preserving
controlled-exposure,fedprox,own-domain,gappusin,0.05152280196539547,0.0366812994007693,0.06594571041327214,10,10,C-post-confirmatory-evidence-preserving
controlled-exposure,fedprox,federation-wide,gappusin,0.0707860649389754,0.049952353983216784,0.09404317940957095,10,10,C-post-confirmatory-evidence-preserving
controlled-exposure,fedprox,own-domain,leadbolt,0.26699180861682115,0.1289303022102477,0.4177541889719684,10,8,C-post-confirmatory-evidence-preserving
controlled-exposure,fedprox,federation-wide,leadbolt,0.22470306030924636,0.1681035493536416,0.27866554975834684,10,10,C-post-confirmatory-evidence-preserving
controlled-exposure,fedprox,own-domain,hiddad,0.0047212951374403095,-0.012703379224030042,0.020620468873128444,10,4,C-post-confirmatory-evidence-preserving
controlled-exposure,fedprox,federation-wide,hiddad,0.016247177197087237,0.003245418599636318,0.03239616618664573,10,7,C-post-confirmatory-evidence-preserving
replication-family-set,fedprox,own-domain,dnotua,-0.008721599079666386,-0.018934426229508205,0.0,10,0,C-post-confirmatory-evidence-preserving
replication-family-set,fedprox,federation-wide,dnotua,-0.010767218848392704,-0.02346200822941825,0.00016233898130770536,10,1,C-post-confirmatory-evidence-preserving
replication-family-set,fedprox,own-domain,inmobi,0.14194122547158525,0.0911118573232323,0.19646368144032905,10,10,C-post-confirmatory-evidence-preserving
replication-family-set,fedprox,federation-wide,inmobi,0.1693502997079932,0.09362108857742368,0.25434707465547524,10,10,C-post-confirmatory-evidence-preserving
replication-family-set,fedprox,own-domain,smsreg,0.04533291414166228,-0.003303685155721173,0.09778818411891593,10,5,C-post-confirmatory-evidence-preserving
replication-family-set,fedprox,federation-wide,smsreg,0.028349376166100206,0.005836789129079488,0.054594967944456785,10,8,C-post-confirmatory-evidence-preserving
replication-family-set,fedprox,own-domain,kuguo,0.021728923984869485,-0.004164045719988476,0.05411266927184059,10,5,C-post-confirmatory-evidence-preserving
replication-family-set,fedprox,federation-wide,kuguo,0.035725237305537456,0.020784274563861442,0.05346242046898771,10,10,C-post-confirmatory-evidence-preserving
replication-family-set,fedprox,own-domain,youmi,0.02725844122029942,0.012982953160844177,0.04281712995162559,10,9,C-post-confirmatory-evidence-preserving
replication-family-set,fedprox,federation-wide,youmi,0.05674367588291923,0.029707323825339967,0.08686420226561445,10,9,C-post-confirmatory-evidence-preserving
replication-family-set,fedprox,own-domain,zdtad,-0.02777777777777779,-0.08333333333333337,0.0,6,0,C-post-confirmatory-evidence-preserving
replication-family-set,fedprox,federation-wide,zdtad,0.007156031053221083,-0.008188915505637514,0.02533480631164239,6,2,C-post-confirmatory-evidence-preserving
replication-family-set,fedprox,own-domain,domob,0.040460801284101525,0.017929254975036807,0.06666776477385879,10,8,C-post-confirmatory-evidence-preserving
replication-family-set,fedprox,federation-wide,domob,0.09202474322944396,0.039447096769240866,0.15037850487562082,10,9,C-post-confirmatory-evidence-preserving
replication-family-set,fedprox,own-domain,utchi,0.0,0.0,0.0,6,0,C-post-confirmatory-evidence-preserving
replication-family-set,fedprox,federation-wide,utchi,0.0,0.0,0.0,6,0,C-post-confirmatory-evidence-preserving
controlled-exposure,fedavg-finetune,own-domain,airpush,0.09349642216725718,0.026706239683891523,0.19093109538228678,10,7,C-post-confirmatory-evidence-preserving
controlled-exposure,fedavg-finetune,federation-wide,airpush,0.08396596361544939,0.04954372548322843,0.11980035302266258,10,9,C-post-confirmatory-evidence-preserving
controlled-exposure,fedavg-finetune,own-domain,revmob,0.16540032145581343,0.06799916457811198,0.3012484926083324,10,8,C-post-confirmatory-evidence-preserving
controlled-exposure,fedavg-finetune,federation-wide,revmob,0.21466856197544285,0.1466007110849581,0.28051532699477777,10,10,C-post-confirmatory-evidence-preserving
controlled-exposure,fedavg-finetune,own-domain,dowgin,-0.06429835178499575,-0.12453923014993586,-0.012828298708355624,10,2,C-post-confirmatory-evidence-preserving
controlled-exposure,fedavg-finetune,federation-wide,dowgin,-0.009851163249204209,-0.03746791965419398,0.020576487686942146,10,4,C-post-confirmatory-evidence-preserving
controlled-exposure,fedavg-finetune,own-domain,adwo,0.01416080251048662,-0.016170975188755102,0.046209437682832026,10,4,C-post-confirmatory-evidence-preserving
controlled-exposure,fedavg-finetune,federation-wide,adwo,0.032425054869723816,-0.0007071401647818523,0.05950460682261502,10,9,C-post-confirmatory-evidence-preserving
controlled-exposure,fedavg-finetune,own-domain,gappusin,-0.018799798415812554,-0.05720544113795688,0.020056894283366235,10,3,C-post-confirmatory-evidence-preserving
controlled-exposure,fedavg-finetune,federation-wide,gappusin,0.017844271996342868,-0.014454374762266792,0.04806622514830464,10,7,C-post-confirmatory-evidence-preserving
controlled-exposure,fedavg-finetune,own-domain,leadbolt,0.23246847127327505,0.09696074165974548,0.3885304575613362,10,9,C-post-confirmatory-evidence-preserving
controlled-exposure,fedavg-finetune,federation-wide,leadbolt,0.23470266416000465,0.19910044855801823,0.2696814020801722,10,10,C-post-confirmatory-evidence-preserving
controlled-exposure,fedavg-finetune,own-domain,hiddad,-0.04085396096973067,-0.0699408751680341,-0.014520804361933887,10,1,C-post-confirmatory-evidence-preserving
controlled-exposure,fedavg-finetune,federation-wide,hiddad,0.023556759191362374,-0.007151209406051637,0.05430132381725288,10,6,C-post-confirmatory-evidence-preserving
replication-family-set,fedavg-finetune,own-domain,dnotua,-0.08151997353061298,-0.18516393442622953,-0.005091402102041553,10,0,C-post-confirmatory-evidence-preserving
replication-family-set,fedavg-finetune,federation-wide,dnotua,-0.016733016367687516,-0.046294523991676315,0.001946390131249659,10,3,C-post-confirmatory-evidence-preserving
replication-family-set,fedavg-finetune,own-domain,inmobi,0.13435471483541303,0.05504048595668223,0.2412134539040289,10,9,C-post-confirmatory-evidence-preserving
replication-family-set,fedavg-finetune,federation-wide,inmobi,0.15604116403508644,0.06701067326281977,0.24114984811449763,10,8,C-post-confirmatory-evidence-preserving
replication-family-set,fedavg-finetune,own-domain,smsreg,0.03947319377103821,-0.022644688803506452,0.11615509739040551,10,5,C-post-confirmatory-evidence-preserving
replication-family-set,fedavg-finetune,federation-wide,smsreg,0.06648365540116145,0.01625442694217402,0.11409094576763576,10,8,C-post-confirmatory-evidence-preserving
replication-family-set,fedavg-finetune,own-domain,kuguo,-0.017599210234555844,-0.04770046406513801,0.013336994303561651,10,3,C-post-confirmatory-evidence-preserving
replication-family-set,fedavg-finetune,federation-wide,kuguo,0.015527301058800857,-0.018626935793716926,0.05379222596559347,10,6,C-post-confirmatory-evidence-preserving
replication-family-set,fedavg-finetune,own-domain,youmi,0.012683344216414344,-0.014376206231044944,0.04155819421650663,10,6,C-post-confirmatory-evidence-preserving
replication-family-set,fedavg-finetune,federation-wide,youmi,0.0325666606840586,-0.01106007071416902,0.08231008251707728,10,5,C-post-confirmatory-evidence-preserving
replication-family-set,fedavg-finetune,own-domain,zdtad,-0.027777777777777773,-0.11111111111111109,0.055555555555555546,6,1,C-post-confirmatory-evidence-preserving
replication-family-set,fedavg-finetune,federation-wide,zdtad,-0.01943352028895869,-0.06040056122648226,0.018993168550690647,6,3,C-post-confirmatory-evidence-preserving
replication-family-set,fedavg-finetune,own-domain,domob,-0.018591053729695814,-0.08805569545205937,0.0466657012483239,10,5,C-post-confirmatory-evidence-preserving
replication-family-set,fedavg-finetune,federation-wide,domob,0.025041626334874518,-0.037927584079899414,0.09419073890361987,10,6,C-post-confirmatory-evidence-preserving
replication-family-set,fedavg-finetune,own-domain,utchi,0.032520325203252036,0.0,0.09756097560975611,6,1,C-post-confirmatory-evidence-preserving
replication-family-set,fedavg-finetune,federation-wide,utchi,0.01209916673116116,0.0,0.027165080102159275,6,2,C-post-confirmatory-evidence-preserving
controlled-exposure,blend,own-domain,airpush,0.04281061646836381,0.00784468541228069,0.09125190553826033,10,7,C-post-confirmatory-evidence-preserving
controlled-exposure,blend,federation-wide,airpush,0.03320559862820005,0.014733474987565396,0.05615197035686841,10,9,C-post-confirmatory-evidence-preserving
controlled-exposure,blend,own-domain,revmob,0.21402614325669247,0.11687828947368423,0.3118201345755694,10,9,C-post-confirmatory-evidence-preserving
controlled-exposure,blend,federation-wide,revmob,0.2072679879376888,0.09428439400871953,0.32976966439747674,10,10,C-post-confirmatory-evidence-preserving
controlled-exposure,blend,own-domain,dowgin,0.024296737805954382,0.0029353954413831036,0.05053974213166091,10,5,C-post-confirmatory-evidence-preserving
controlled-exposure,blend,federation-wide,dowgin,0.013392574826473502,0.0004685954566151958,0.02570531099845672,10,8,C-post-confirmatory-evidence-preserving
controlled-exposure,blend,own-domain,adwo,0.03949795295645879,0.0191296556809522,0.05907119266224309,10,7,C-post-confirmatory-evidence-preserving
controlled-exposure,blend,federation-wide,adwo,0.08171045160669652,0.04911544593294475,0.11700729978507303,10,10,C-post-confirmatory-evidence-preserving
controlled-exposure,blend,own-domain,gappusin,0.051845205897188454,0.018729636502266483,0.08492097122997783,10,9,C-post-confirmatory-evidence-preserving
controlled-exposure,blend,federation-wide,gappusin,0.0674536350676206,0.04224566126794734,0.09346530482565144,10,10,C-post-confirmatory-evidence-preserving
controlled-exposure,blend,own-domain,leadbolt,0.12532336897961588,0.0316979064962936,0.23582002323795492,10,7,C-post-confirmatory-evidence-preserving
controlled-exposure,blend,federation-wide,leadbolt,0.13497549783523471,0.07761219464408688,0.1947730032510352,10,10,C-post-confirmatory-evidence-preserving
controlled-exposure,blend,own-domain,hiddad,0.004543410744912613,-0.013494761970982266,0.023479349186483083,10,3,C-post-confirmatory-evidence-preserving
controlled-exposure,blend,federation-wide,hiddad,0.023571698044171755,0.0055410003162513835,0.04537840173749538,10,8,C-post-confirmatory-evidence-preserving
replication-family-set,blend,own-domain,dnotua,0.005142165759225647,-0.0052631578947368255,0.02068965517241377,10,1,C-post-confirmatory-evidence-preserving
replication-family-set,blend,federation-wide,dnotua,0.005138672588742468,-0.004041927436890836,0.016390738946451166,10,4,C-post-confirmatory-evidence-preserving
replication-family-set,blend,own-domain,inmobi,0.08955852906185843,0.03743880329554875,0.14994367540021103,10,7,C-post-confirmatory-evidence-preserving
replication-family-set,blend,federation-wide,inmobi,0.05953271665872904,0.028235290255138358,0.09409808921844029,10,9,C-post-confirmatory-evidence-preserving
replication-family-set,blend,own-domain,smsreg,0.022350373918633586,-0.03547049364712485,0.08320760526907846,10,5,C-post-confirmatory-evidence-preserving
replication-family-set,blend,federation-wide,smsreg,0.03188676829919405,0.007845310695117286,0.055517078956153806,10,9,C-post-confirmatory-evidence-preserving
replication-family-set,blend,own-domain,kuguo,0.03821293817565824,0.010108976408285697,0.06162075195575146,10,8,C-post-confirmatory-evidence-preserving
replication-family-set,blend,federation-wide,kuguo,0.053888459598603576,0.029095647578519398,0.0783090275197606,10,9,C-post-confirmatory-evidence-preserving
replication-family-set,blend,own-domain,youmi,0.03584926933476026,0.007527912007565822,0.06354020270865254,10,7,C-post-confirmatory-evidence-preserving
replication-family-set,blend,federation-wide,youmi,0.04788068197578657,0.020035226150150773,0.07594735496447472,10,8,C-post-confirmatory-evidence-preserving
replication-family-set,blend,own-domain,zdtad,0.0,0.0,0.0,6,0,C-post-confirmatory-evidence-preserving
replication-family-set,blend,federation-wide,zdtad,0.003094839532420975,-0.028480864767065777,0.03889093023266384,6,3,C-post-confirmatory-evidence-preserving
replication-family-set,blend,own-domain,domob,0.03230719379943588,0.004243288191969596,0.061934101928062035,10,4,C-post-confirmatory-evidence-preserving
replication-family-set,blend,federation-wide,domob,0.028608920970652735,0.012617318342261622,0.04588576245864621,10,9,C-post-confirmatory-evidence-preserving
replication-family-set,blend,own-domain,utchi,-0.0391156462585034,-0.11734693877551021,0.0,6,0,C-post-confirmatory-evidence-preserving
replication-family-set,blend,federation-wide,utchi,-0.033773861967694566,-0.1013215859030837,0.0,6,0,C-post-confirmatory-evidence-preserving
