experiment,client,requested_alpha,rows,calibration_benign,benign_test,realised_fpr,fpr_deviation,max_abs_fpr_deviation,breaches
exact-effective-dose-primary,anzhi,0.01,160,2711.8,3135.7,0.01001857084764807,0.000018570847648071332,0.032710907165548885,2
exact-effective-dose-primary,anzhi,0.05,160,2711.8,3135.7,0.051352975901477936,0.0013529759014779391,0.07177903282739145,59
exact-effective-dose-primary,anzhi,0.1,160,2711.8,3135.7,0.09976002004763918,-0.00023997995236083548,0.0971153846153846,113
exact-effective-dose-primary,appchina,0.01,160,2966.9,2994.4,0.009038817258896364,-0.000961182741103637,0.006542328900421666,0
exact-effective-dose-primary,appchina,0.05,160,2966.9,2994.4,0.04784621895963701,-0.002153781040362995,0.030441128770677908,5
exact-effective-dose-primary,appchina,0.1,160,2966.9,2994.4,0.09887607623852646,-0.0011239237614735532,0.04109633473889068,16
exact-effective-dose-primary,play-early,0.01,160,49564.8,48882.3,0.010335116156516224,0.0003351161565162236,0.004887671845311277,0
exact-effective-dose-primary,play-early,0.05,160,49564.8,48882.3,0.05122114404745624,0.0012211440474562368,0.01588685141024586,0
exact-effective-dose-primary,play-early,0.1,160,49564.8,48882.3,0.10023966368226529,0.00023966368226527955,0.022042681682784518,2
exact-effective-dose-primary,play-late,0.01,160,61611.4,62045.9,0.010249959353245191,0.000249959353245192,0.0029730501403803754,0
exact-effective-dose-primary,play-late,0.05,160,61611.4,62045.9,0.05045093844577932,0.0004509384457793145,0.0063107720127532005,0
exact-effective-dose-primary,play-late,0.1,160,61611.4,62045.9,0.0994432940073163,-0.0005567059926837119,0.011476002036091351,0
exact-effective-dose-replication,anzhi,0.01,160,2711.8,3135.7,0.009669372763188529,-0.00033062723681147197,0.020594405594405597,1
exact-effective-dose-replication,anzhi,0.05,160,2711.8,3135.7,0.05148371869328498,0.0014837186932849795,0.05795454545454545,45
exact-effective-dose-replication,anzhi,0.1,160,2711.8,3135.7,0.09895909167851796,-0.0010409083214820447,0.09842657342657343,113
exact-effective-dose-replication,appchina,0.01,160,2966.9,2994.4,0.009331680397982841,-0.000668319602017158,0.006495699267282574,0
exact-effective-dose-replication,appchina,0.05,160,2966.9,2994.4,0.04744853011303944,-0.002551469886960561,0.02784625364904314,2
exact-effective-dose-replication,appchina,0.1,160,2966.9,2994.4,0.09812881336413852,-0.0018711866358614867,0.03201427181316899,11
exact-effective-dose-replication,play-early,0.01,160,49564.8,48882.3,0.01043542776792553,0.00043542776792552954,0.004558009934175988,0
exact-effective-dose-replication,play-early,0.05,160,49564.8,48882.3,0.05239806211045679,0.0023980621104567855,0.01954608995970726,0
exact-effective-dose-replication,play-early,0.1,160,49564.8,48882.3,0.10177668396286395,0.0017766839628639286,0.024324098624188398,8
exact-effective-dose-replication,play-late,0.01,160,61611.4,62045.9,0.010104099105552298,0.00010409910555229879,0.003393488752299058,0
exact-effective-dose-replication,play-late,0.05,160,61611.4,62045.9,0.04962458248724335,-0.00037541751275665345,0.0070511472971006295,0
exact-effective-dose-replication,play-late,0.1,160,61611.4,62045.9,0.09911753200290795,-0.0008824679970920558,0.011240110481719023,0
large-family-set-1,anzhi,0.01,70,2712.5,2807.2,0.009931071932203769,-0.00006892806779623168,0.007409766454352441,0
large-family-set-1,anzhi,0.05,70,2712.5,2807.2,0.04974907717894684,-0.0002509228210531617,0.04129511677282377,7
large-family-set-1,anzhi,0.1,70,2712.5,2807.2,0.10073705258959134,0.0007370525895913358,0.08386411889596601,24
large-family-set-1,appchina,0.01,70,3018.7,3071.6,0.009820925484650122,-0.00017907451534987957,0.010534550195567144,0
large-family-set-1,appchina,0.05,70,3018.7,3071.6,0.05050015191649532,0.0005001519164953142,0.02627118644067797,1
large-family-set-1,appchina,0.1,70,3018.7,3071.6,0.09940524713631058,-0.0005947528636894192,0.027494081839702394,8
large-family-set-1,play-early,0.01,70,50250.7,49437.7,0.01032017732211578,0.00032017732211577936,0.005968714355548315,0
large-family-set-1,play-early,0.05,70,50250.7,49437.7,0.051697857601179516,0.0016978576011795143,0.015089973225960444,0
large-family-set-1,play-early,0.1,70,50250.7,49437.7,0.10349342563217699,0.00349342563217699,0.020289483544004255,2
large-family-set-1,play-late,0.01,70,62188.4,62154.8,0.00981239552000178,-0.00018760447999822068,0.002965663931935582,0
large-family-set-1,play-late,0.05,70,62188.4,62154.8,0.05028315345335548,0.0002831534533554835,0.009398358554329182,0
large-family-set-1,play-late,0.1,70,62188.4,62154.8,0.10063586304912463,0.0006358630491246162,0.011577028258887886,0
large-family-set-2,anzhi,0.01,70,2712.5,2807.2,0.009976404119266844,-0.000023595880733155108,0.008768768768768769,0
large-family-set-2,anzhi,0.05,70,2712.5,2807.2,0.04957893481845297,-0.00042106518154703357,0.03959660297239914,7
large-family-set-2,anzhi,0.1,70,2712.5,2807.2,0.10214261418759361,0.002142614187593605,0.0859872611464968,27
large-family-set-2,appchina,0.01,70,3018.7,3071.6,0.009857540374091573,-0.00014245962590842782,0.007361111111111112,0
large-family-set-2,appchina,0.05,70,3018.7,3071.6,0.049131991903377886,-0.000868008096622112,0.01942633637548892,0
large-family-set-2,appchina,0.1,70,3018.7,3071.6,0.09846307177782543,-0.0015369282221745866,0.024112275955360155,3
large-family-set-2,play-early,0.01,70,50250.7,49437.7,0.010357943096966164,0.00035794309696616285,0.009064689587746455,0
large-family-set-2,play-early,0.05,70,50250.7,49437.7,0.05097496320055596,0.0009749632005559551,0.015089973225960444,0
large-family-set-2,play-early,0.1,70,50250.7,49437.7,0.1024765145705089,0.0024765145705089,0.02105160281469899,2
large-family-set-2,play-late,0.01,70,62188.4,62154.8,0.00998213924873296,-0.00001786075126703923,0.0019106138325404084,0
large-family-set-2,play-late,0.05,70,62188.4,62154.8,0.050107573084558675,0.00010757308455867465,0.006989179469383891,0
large-family-set-2,play-late,0.1,70,62188.4,62154.8,0.10102516129377653,0.0010251612937765245,0.010786994834396851,0
large-family-set-3,anzhi,0.01,70,2712.5,2807.2,0.009715515127897499,-0.00028448487210250186,0.007097764138535729,0
large-family-set-3,anzhi,0.05,70,2712.5,2807.2,0.05040541379957956,0.0004054137995795596,0.034925690021231415,7
large-family-set-3,anzhi,0.1,70,2712.5,2807.2,0.10057406688077397,0.0005740668807739753,0.08386411889596601,25
large-family-set-3,appchina,0.01,70,3018.7,3071.6,0.010269376718684482,0.0002693767186844809,0.009444444444444445,0
large-family-set-3,appchina,0.05,70,3018.7,3071.6,0.04995429532599214,-0.00004570467400786359,0.01942633637548892,0
large-family-set-3,appchina,0.1,70,3018.7,3071.6,0.09878317868760808,-0.0012168213123919342,0.026479540074399732,3
large-family-set-3,play-early,0.01,70,50250.7,49437.7,0.010482042088409691,0.00048204208840969056,0.0058611341520160235,0
large-family-set-3,play-early,0.05,70,50250.7,49437.7,0.051441081572776284,0.0014410815727762835,0.015089973225960444,0
large-family-set-3,play-early,0.1,70,50250.7,49437.7,0.10308651589339234,0.00308651589339234,0.029505699022198212,3
large-family-set-3,play-late,0.01,70,62188.4,62154.8,0.010082419314065989,0.00008241931406598809,0.0025240543865737083,0
large-family-set-3,play-late,0.05,70,62188.4,62154.8,0.050388175497960694,0.00038817549796069535,0.006789883897674716,0
large-family-set-3,play-late,0.1,70,62188.4,62154.8,0.10081296918871846,0.000812969188718456,0.010786994834396851,0
large-family-set-4,anzhi,0.01,70,2712.5,2807.2,0.009891786219003666,-0.00010821378099633541,0.007834394904458598,0
large-family-set-4,anzhi,0.05,70,2712.5,2807.2,0.049537433369335,-0.00046256663066500305,0.03832271762208067,7
large-family-set-4,anzhi,0.1,70,2712.5,2807.2,0.10026471043878822,0.0002647104387882097,0.08386411889596601,25
large-family-set-4,appchina,0.01,70,3018.7,3071.6,0.009878990452363493,-0.00012100954763650784,0.007708333333333333,0
large-family-set-4,appchina,0.05,70,3018.7,3071.6,0.049920997384559664,-0.0000790026154403395,0.020404172099087348,1
large-family-set-4,appchina,0.1,70,3018.7,3071.6,0.09931584516170992,-0.0006841548382900825,0.029184984781873508,2
large-family-set-4,play-early,0.01,70,50250.7,49437.7,0.010310934901015268,0.0003109349010152683,0.009342480584646777,0
large-family-set-4,play-early,0.05,70,50250.7,49437.7,0.051801765040635155,0.00180176504063515,0.017850397459579503,0
large-family-set-4,play-early,0.1,70,50250.7,49437.7,0.10386468367962153,0.003864683679621516,0.03286146843841006,2
large-family-set-4,play-late,0.01,70,62188.4,62154.8,0.009978211277730084,-0.00002178872226991723,0.002303227231142938,0
large-family-set-4,play-late,0.05,70,62188.4,62154.8,0.050476812462926415,0.000476812462926411,0.007323002127013069,0
large-family-set-4,play-late,0.1,70,62188.4,62154.8,0.10118374100811152,0.0011837410081115146,0.011285239758112589,0
placebo-robust-primary,anzhi,0.01,70,2628.1,2967.4,0.010905398503052726,0.0009053985030527257,0.010876826722338204,0
placebo-robust-primary,anzhi,0.05,70,2628.1,2967.4,0.04851969948954576,-0.0014803005104542459,0.03726513569937369,15
placebo-robust-primary,anzhi,0.1,70,2628.1,2967.4,0.09837809960368522,-0.0016219003963147854,0.11231884057971014,37
placebo-robust-primary,appchina,0.01,70,2962.6,3012.5,0.009595868475206984,-0.00040413152479301553,0.00820633850303439,0
placebo-robust-primary,appchina,0.05,70,2962.6,3012.5,0.050998237936321425,0.000998237936321419,0.019116655428186108,0
placebo-robust-primary,appchina,0.1,70,2962.6,3012.5,0.10292652905123502,0.0029265290512350164,0.03567684242984889,21
placebo-robust-primary,play-early,0.01,70,48553.7,49381.4,0.009783857841166553,-0.0002161421588334481,0.004412858295134859,0
placebo-robust-primary,play-early,0.05,70,48553.7,49381.4,0.048382139381567615,-0.0016178606184323898,0.013629431948150972,0
placebo-robust-primary,play-early,0.1,70,48553.7,49381.4,0.09730591723852229,-0.002694082761477711,0.02134959969500573,1
placebo-robust-primary,play-late,0.01,70,60684.5,62170.4,0.0098937918072381,-0.00010620819276190125,0.003255361221392768,0
placebo-robust-primary,play-late,0.05,70,60684.5,62170.4,0.049459125378677436,-0.0005408746213225677,0.007241747374699799,0
placebo-robust-primary,play-late,0.1,70,60684.5,62170.4,0.0989374374334387,-0.0010625625665612903,0.01046509802690443,0
placebo-robust-replication,anzhi,0.01,70,2628.1,2967.4,0.010657285376730361,0.0006572853767303621,0.011294363256784968,0
placebo-robust-replication,anzhi,0.05,70,2628.1,2967.4,0.04718887372843411,-0.0028111262715658906,0.03684759916492693,15
placebo-robust-replication,anzhi,0.1,70,2628.1,2967.4,0.10073767731294196,0.0007376773129419498,0.10724637681159419,35
placebo-robust-replication,appchina,0.01,70,2962.6,3012.5,0.009285155738879865,-0.0007148442611201345,0.006589250165892501,0
placebo-robust-replication,appchina,0.05,70,2962.6,3012.5,0.05068899232095966,0.0006889923209596496,0.02026652821045344,1
placebo-robust-replication,appchina,0.1,70,2962.6,3012.5,0.10108008973765953,0.0010800897376595263,0.04030218933086649,4
placebo-robust-replication,play-early,0.01,70,48553.7,49381.4,0.009995821062964446,-4.178937035553286e-6,0.0036904308044224173,0
placebo-robust-replication,play-early,0.05,70,48553.7,49381.4,0.04882220724171784,-0.001177792758282162,0.012790697674418608,0
placebo-robust-replication,play-early,0.1,70,48553.7,49381.4,0.09667299600469688,-0.003327003995303116,0.019462447579107894,0
placebo-robust-replication,play-late,0.01,70,60684.5,62170.4,0.009865463670515166,-0.00013453632948483502,0.003066409034036016,0
placebo-robust-replication,play-late,0.05,70,60684.5,62170.4,0.04916734464237859,-0.0008326553576214127,0.00615866388308977,0
placebo-robust-replication,play-late,0.1,70,60684.5,62170.4,0.09784939865510876,-0.002150601344891247,0.012413849022946566,0
representation-r0,anzhi,0.01,70,2141.0,2161.5,0.012065711173590806,0.0020657111735908062,0.01673213311511184,0
representation-r0,anzhi,0.05,70,2141.0,2161.5,0.058162707645008895,0.008162707645008888,0.09784506273867975,35
representation-r0,anzhi,0.1,70,2141.0,2161.5,0.1193352236500598,0.019335223650059786,0.1618657937806874,40
representation-r0,appchina,0.01,70,1943.3,2046.4,0.009766176505437372,-0.0002338234945626279,0.009299136617572373,0
representation-r0,appchina,0.05,70,1943.3,2046.4,0.05087017217029908,0.0008701721702990805,0.019397590361445782,0
representation-r0,appchina,0.1,70,1943.3,2046.4,0.10047996770134676,0.00047996770134675686,0.03317535545023695,9
representation-r0,play-early,0.01,70,31191.7,31383.0,0.01032961680722218,0.0003296168072221796,0.004241067113445242,0
representation-r0,play-early,0.05,70,31191.7,31383.0,0.05229747824362586,0.002297478243625851,0.010267430754536767,0
representation-r0,play-early,0.1,70,31191.7,31383.0,0.1025329418636424,0.0025329418636423897,0.024174372523117563,1
representation-r0,play-late,0.01,70,42851.5,43812.7,0.01030232995376994,0.00030232995376993884,0.004133838725689274,0
representation-r0,play-late,0.05,70,42851.5,43812.7,0.049423085091588,-0.0005769149084120063,0.007560579396236632,0
representation-r0,play-late,0.1,70,42851.5,43812.7,0.0991166494347488,-0.0008833505652512198,0.01317000541418517,0
representation-r1,anzhi,0.01,70,2141.0,2161.5,0.012448003210387668,0.0024480032103876676,0.018169014084507044,0
representation-r1,anzhi,0.05,70,2141.0,2161.5,0.060312557215182076,0.010312557215182079,0.0814784506273868,36
representation-r1,anzhi,0.1,70,2141.0,2161.5,0.11926853761519768,0.01926853761519766,0.12585924713584287,40
representation-r1,appchina,0.01,70,1943.3,2046.4,0.009522327214130908,-0.00047767278586909235,0.012750252780586451,0
representation-r1,appchina,0.05,70,1943.3,2046.4,0.048517162918524065,-0.0014828370814759394,0.02327188940092166,4
representation-r1,appchina,0.1,70,1943.3,2046.4,0.09965042572137627,-0.0003495742786237474,0.03179723502304148,12
representation-r1,play-early,0.01,70,31191.7,31383.0,0.01060785441582064,0.0006078544158206406,0.00430550633115314,0
representation-r1,play-early,0.05,70,31191.7,31383.0,0.05157819831244131,0.0015781983124413086,0.011410574475625865,0
representation-r1,play-early,0.1,70,31191.7,31383.0,0.10039735545862045,0.000397355458620451,0.017540511692596295,0
representation-r1,play-late,0.01,70,42851.5,43812.7,0.010095225568225428,0.00009522556822542819,0.004810703488109742,0
representation-r1,play-late,0.05,70,42851.5,43812.7,0.04924896958474125,-0.0007510304152587474,0.009974730382202972,0
representation-r1,play-late,0.1,70,42851.5,43812.7,0.09915219997081554,-0.0008478000291844659,0.012209772438489086,0
representation-r2,anzhi,0.01,70,2141.0,2161.5,0.012437009645549842,0.0024370096455498405,0.014549918166939442,0
representation-r2,anzhi,0.05,70,2141.0,2161.5,0.06171670969576986,0.011716709695769864,0.10321100917431193,29
representation-r2,anzhi,0.1,70,2141.0,2161.5,0.11079033022870835,0.010790330228708348,0.12804146208401526,33
representation-r2,appchina,0.01,70,1943.3,2046.4,0.009479868952328505,-0.0005201310476714941,0.009055712936732766,0
representation-r2,appchina,0.05,70,1943.3,2046.4,0.05010061547885539,0.00010061547885538464,0.017422096317280457,0
representation-r2,appchina,0.1,70,1943.3,2046.4,0.10028089524578375,0.0002808952457837365,0.04145420207743154,11
representation-r2,play-early,0.01,70,31191.7,31383.0,0.010012770771640284,0.000012770771640281899,0.010698064319463496,0
representation-r2,play-early,0.05,70,31191.7,31383.0,0.05018135399783717,0.0001813539978371679,0.02425697302240512,1
representation-r2,play-early,0.1,70,31191.7,31383.0,0.1008526772346921,0.0008526772346920924,0.02840831904777305,4
representation-r2,play-late,0.01,70,42851.5,43812.7,0.009606761502908926,-0.0003932384970910752,0.006705924822887054,0
representation-r2,play-late,0.05,70,42851.5,43812.7,0.04906982547958578,-0.0009301745204142249,0.013201119083073871,0
representation-r2,play-late,0.1,70,42851.5,43812.7,0.09960139269075458,-0.0003986073092454277,0.011658545388918973,0
representation-r3,anzhi,0.01,70,2141.0,2161.5,0.011892138209998803,0.0018921382099988035,0.01890173410404624,0
representation-r3,anzhi,0.05,70,2141.0,2161.5,0.05648514336115884,0.0064851433611588395,0.050927441352973266,28
representation-r3,anzhi,0.1,70,2141.0,2161.5,0.1130901586839162,0.013090158683916199,0.0981082501313715,34
representation-r3,appchina,0.01,70,1943.3,2046.4,0.010288270021049678,0.0002882700210496778,0.010822752666328086,0
representation-r3,appchina,0.05,70,1943.3,2046.4,0.049540715436541906,-0.00045928456345809763,0.023133570340274245,1
representation-r3,appchina,0.1,70,1943.3,2046.4,0.09810641184068712,-0.001893588159312892,0.02899949212798375,10
representation-r3,play-early,0.01,70,31191.7,31383.0,0.01018537021047729,0.00018537021047728918,0.003839487809610036,0
representation-r3,play-early,0.05,70,31191.7,31383.0,0.051084614889920305,0.0010846148899203018,0.006393842402072851,0
representation-r3,play-early,0.1,70,31191.7,31383.0,0.10207771172188518,0.0020777117218851817,0.01412894375857339,0
representation-r3,play-late,0.01,70,42851.5,43812.7,0.01023017801809412,0.0002301780180941187,0.004460267229254571,0
representation-r3,play-late,0.05,70,42851.5,43812.7,0.05024720863715994,0.0002472086371599347,0.0075114275668073105,0
representation-r3,play-late,0.1,70,42851.5,43812.7,0.10090502782049501,0.000905027820495006,0.008820555249126671,0
