set,population,alpha,cells,outcome,predictor,spearman_rho,p_value,evidence_class
primary-set,federation-wide,0.01,70,placebo_eff,centroid_distance,-0.0801532728431555,0.5095117914647251,D-post-hoc-diagnostic
primary-set,federation-wide,0.01,70,placebo_eff,placebo_rank,-0.13465409212054133,0.26640378465520426,D-post-hoc-diagnostic
primary-set,federation-wide,0.01,70,placebo_eff,nearest_known_distance,-0.008625968895803462,0.9434997409485271,D-post-hoc-diagnostic
primary-set,federation-wide,0.01,70,placebo_eff,fit_ratio,-0.16728780651678885,0.1662956807172563,D-post-hoc-diagnostic
primary-set,federation-wide,0.01,70,placebo_eff,centroid-distance-to-known-malware,0.04995363326068739,0.6813121048509998,D-post-hoc-diagnostic
primary-set,federation-wide,0.01,70,placebo_eff,max-jaccard-to-known-family,-0.01149556012818828,0.9247516326264638,D-post-hoc-diagnostic
primary-set,federation-wide,0.01,70,trim_minus_mean,top_share,0.09011452421760338,0.45815512737047814,D-post-hoc-diagnostic
primary-set,federation-wide,0.01,70,trim_minus_mean,n_peers,-0.23890641857760958,0.04639430566325325,D-post-hoc-diagnostic
primary-set,federation-wide,0.01,70,trim_minus_mean,n_peers30,0.29556436958107885,0.01298742833545483,D-post-hoc-diagnostic
primary-set,federation-wide,0.01,70,trim_minus_mean,peer_rows,0.3672408815461497,0.001764284096396263,D-post-hoc-diagnostic
primary-set,federation-wide,0.01,70,med_minus_mean,top_share,-0.12214902518903036,0.31376706160991136,D-post-hoc-diagnostic
primary-set,federation-wide,0.01,70,med_minus_mean,n_peers,-0.14093943976744672,0.24451649477261692,D-post-hoc-diagnostic
primary-set,federation-wide,0.01,70,med_minus_mean,n_peers30,0.3466522473952819,0.0032840270441810825,D-post-hoc-diagnostic
primary-set,federation-wide,0.01,70,med_minus_mean,peer_rows,0.27487861449682666,0.021281930017475546,D-post-hoc-diagnostic
primary-set,federation-wide,0.05,70,placebo_eff,centroid_distance,-0.18803254308459455,0.11904217234294359,D-post-hoc-diagnostic
primary-set,federation-wide,0.05,70,placebo_eff,placebo_rank,-0.2259848512902578,0.05995901802235127,D-post-hoc-diagnostic
primary-set,federation-wide,0.05,70,placebo_eff,nearest_known_distance,0.005441343714460678,0.9643415356576706,D-post-hoc-diagnostic
primary-set,federation-wide,0.05,70,placebo_eff,fit_ratio,0.16637214591899221,0.16866047491563446,D-post-hoc-diagnostic
primary-set,federation-wide,0.05,70,placebo_eff,centroid-distance-to-known-malware,-0.06881287726358148,0.5713699465835443,D-post-hoc-diagnostic
primary-set,federation-wide,0.05,70,placebo_eff,max-jaccard-to-known-family,0.09770009360966636,0.42103493420079174,D-post-hoc-diagnostic
primary-set,federation-wide,0.05,70,trim_minus_mean,top_share,-0.0769183662413662,0.52680127783532,D-post-hoc-diagnostic
primary-set,federation-wide,0.05,70,trim_minus_mean,n_peers,0.05710080187252956,0.6386973144931901,D-post-hoc-diagnostic
primary-set,federation-wide,0.05,70,trim_minus_mean,n_peers30,0.11906924945134362,0.326215300940741,D-post-hoc-diagnostic
primary-set,federation-wide,0.05,70,trim_minus_mean,peer_rows,-0.08444075070411748,0.4870527452058039,D-post-hoc-diagnostic
primary-set,federation-wide,0.05,70,med_minus_mean,top_share,0.13241997172762954,0.2744916550450126,D-post-hoc-diagnostic
primary-set,federation-wide,0.05,70,med_minus_mean,n_peers,-0.06523230855798977,0.5916008590124789,D-post-hoc-diagnostic
primary-set,federation-wide,0.05,70,med_minus_mean,n_peers30,0.045280700135542876,0.7097326614156881,D-post-hoc-diagnostic
primary-set,federation-wide,0.05,70,med_minus_mean,peer_rows,0.011198110329597014,0.9266932611428788,D-post-hoc-diagnostic
primary-set,federation-wide,0.1,70,placebo_eff,centroid_distance,-0.02748689954526967,0.8212996172094068,D-post-hoc-diagnostic
primary-set,federation-wide,0.1,70,placebo_eff,placebo_rank,-0.0593887014413652,0.6252904368550677,D-post-hoc-diagnostic
primary-set,federation-wide,0.1,70,placebo_eff,nearest_known_distance,-0.07191034826929239,0.5541326861910747,D-post-hoc-diagnostic
primary-set,federation-wide,0.1,70,placebo_eff,fit_ratio,-0.09742015064803407,0.4223733933967502,D-post-hoc-diagnostic
primary-set,federation-wide,0.1,70,placebo_eff,centroid-distance-to-known-malware,0.03787978199586813,0.755549535351953,D-post-hoc-diagnostic
primary-set,federation-wide,0.1,70,placebo_eff,max-jaccard-to-known-family,-0.12119886622108689,0.31757450332144815,D-post-hoc-diagnostic
primary-set,federation-wide,0.1,70,trim_minus_mean,top_share,0.032947516749884574,0.7865688721265179,D-post-hoc-diagnostic
primary-set,federation-wide,0.1,70,trim_minus_mean,n_peers,0.007971279952741763,0.9477817283212244,D-post-hoc-diagnostic
primary-set,federation-wide,0.1,70,trim_minus_mean,n_peers30,0.09959754881910578,0.4120272250454875,D-post-hoc-diagnostic
primary-set,federation-wide,0.1,70,trim_minus_mean,peer_rows,-0.1076593325906413,0.3750217042189103,D-post-hoc-diagnostic
primary-set,federation-wide,0.1,70,med_minus_mean,top_share,0.09639376402145067,0.42730154297533035,D-post-hoc-diagnostic
primary-set,federation-wide,0.1,70,med_minus_mean,n_peers,-0.04826872549489076,0.6915112230831653,D-post-hoc-diagnostic
primary-set,federation-wide,0.1,70,med_minus_mean,n_peers30,-0.03789418011740892,0.7554595199389738,D-post-hoc-diagnostic
primary-set,federation-wide,0.1,70,med_minus_mean,peer_rows,0.019885568321246567,0.8702074151890501,D-post-hoc-diagnostic
primary-set,own-domain,0.01,66,placebo_eff,centroid_distance,0.08239822349104131,0.5107077365155518,D-post-hoc-diagnostic
primary-set,own-domain,0.01,66,placebo_eff,placebo_rank,0.11890622879966209,0.34164448221821686,D-post-hoc-diagnostic
primary-set,own-domain,0.01,66,placebo_eff,nearest_known_distance,0.03269906202737932,0.7943682350964456,D-post-hoc-diagnostic
primary-set,own-domain,0.01,66,placebo_eff,fit_ratio,-0.22812555015187339,0.06543649982730644,D-post-hoc-diagnostic
primary-set,own-domain,0.01,66,placebo_eff,centroid-distance-to-known-malware,-0.018834489086872765,0.8806842703884653,D-post-hoc-diagnostic
primary-set,own-domain,0.01,66,placebo_eff,max-jaccard-to-known-family,0.19557784022992053,0.1155420571157264,D-post-hoc-diagnostic
primary-set,own-domain,0.01,66,trim_minus_mean,top_share,0.028925719972959008,0.8176629146596615,D-post-hoc-diagnostic
primary-set,own-domain,0.01,66,trim_minus_mean,n_peers,-0.18484312462482586,0.13732746253374065,D-post-hoc-diagnostic
primary-set,own-domain,0.01,66,trim_minus_mean,n_peers30,0.2606736159283787,0.03451892959012394,D-post-hoc-diagnostic
primary-set,own-domain,0.01,66,trim_minus_mean,peer_rows,0.24795668247279176,0.04470831392543203,D-post-hoc-diagnostic
primary-set,own-domain,0.01,66,med_minus_mean,top_share,-0.0365779819133182,0.770607183611667,D-post-hoc-diagnostic
primary-set,own-domain,0.01,66,med_minus_mean,n_peers,-0.12402162016106676,0.3211280602454762,D-post-hoc-diagnostic
primary-set,own-domain,0.01,66,med_minus_mean,n_peers30,0.2226420758456312,0.07236418204053195,D-post-hoc-diagnostic
primary-set,own-domain,0.01,66,med_minus_mean,peer_rows,0.11244649265067257,0.36869484113373396,D-post-hoc-diagnostic
primary-set,own-domain,0.05,66,placebo_eff,centroid_distance,-0.2923001401067527,0.017239861954593563,D-post-hoc-diagnostic
primary-set,own-domain,0.05,66,placebo_eff,placebo_rank,-0.348622942143054,0.00412160613073842,D-post-hoc-diagnostic
primary-set,own-domain,0.05,66,placebo_eff,nearest_known_distance,0.0508889060662045,0.6848988209478803,D-post-hoc-diagnostic
primary-set,own-domain,0.05,66,placebo_eff,fit_ratio,0.09758100636897148,0.4357041572155823,D-post-hoc-diagnostic
primary-set,own-domain,0.05,66,placebo_eff,centroid-distance-to-known-malware,-0.12248767775902018,0.32719605361415166,D-post-hoc-diagnostic
primary-set,own-domain,0.05,66,placebo_eff,max-jaccard-to-known-family,0.08975774753501724,0.473552141873328,D-post-hoc-diagnostic
primary-set,own-domain,0.05,66,trim_minus_mean,top_share,-0.09585511283177293,0.4439041635587628,D-post-hoc-diagnostic
primary-set,own-domain,0.05,66,trim_minus_mean,n_peers,0.07023834768018589,0.5752002943439879,D-post-hoc-diagnostic
primary-set,own-domain,0.05,66,trim_minus_mean,n_peers30,0.03333400769555951,0.7904653501596108,D-post-hoc-diagnostic
primary-set,own-domain,0.05,66,trim_minus_mean,peer_rows,-0.09106150231989815,0.4671248191775841,D-post-hoc-diagnostic
primary-set,own-domain,0.05,66,med_minus_mean,top_share,0.09101739529505509,0.46734148558203165,D-post-hoc-diagnostic
primary-set,own-domain,0.05,66,med_minus_mean,n_peers,0.014374276032132875,0.9088003609198821,D-post-hoc-diagnostic
primary-set,own-domain,0.05,66,med_minus_mean,n_peers30,-0.06461722795143215,0.6062302292589973,D-post-hoc-diagnostic
primary-set,own-domain,0.05,66,med_minus_mean,peer_rows,-0.06815714995719643,0.5866033909560174,D-post-hoc-diagnostic
primary-set,own-domain,0.1,66,placebo_eff,centroid_distance,-0.007781933814622573,0.9505519144882852,D-post-hoc-diagnostic
primary-set,own-domain,0.1,66,placebo_eff,placebo_rank,-0.027149518742285873,0.8286842650433018,D-post-hoc-diagnostic
primary-set,own-domain,0.1,66,placebo_eff,nearest_known_distance,0.10489793711092868,0.40190248503916987,D-post-hoc-diagnostic
primary-set,own-domain,0.1,66,placebo_eff,fit_ratio,0.04844201076473727,0.6993097954708818,D-post-hoc-diagnostic
primary-set,own-domain,0.1,66,placebo_eff,centroid-distance-to-known-malware,0.08009697731148113,0.5226236151981396,D-post-hoc-diagnostic
primary-set,own-domain,0.1,66,placebo_eff,max-jaccard-to-known-family,-0.19322173924756134,0.12008026409243218,D-post-hoc-diagnostic
primary-set,own-domain,0.1,66,trim_minus_mean,top_share,0.1014032940481931,0.4178508319458127,D-post-hoc-diagnostic
primary-set,own-domain,0.1,66,trim_minus_mean,n_peers,-0.08241289286413322,0.5106322256175643,D-post-hoc-diagnostic
primary-set,own-domain,0.1,66,trim_minus_mean,n_peers30,-0.15827542440201492,0.2043391627978974,D-post-hoc-diagnostic
primary-set,own-domain,0.1,66,trim_minus_mean,peer_rows,-0.20302206370785328,0.1020655679722485,D-post-hoc-diagnostic
primary-set,own-domain,0.1,66,med_minus_mean,top_share,0.13355188453964362,0.2850479848719766,D-post-hoc-diagnostic
primary-set,own-domain,0.1,66,med_minus_mean,n_peers,0.012478506540017777,0.9207867399194342,D-post-hoc-diagnostic
primary-set,own-domain,0.1,66,med_minus_mean,n_peers30,-0.029990336659130295,0.811073639060381,D-post-hoc-diagnostic
primary-set,own-domain,0.1,66,med_minus_mean,peer_rows,-0.0891266913864944,0.4766801255246567,D-post-hoc-diagnostic
replication-set,federation-wide,0.01,73,placebo_eff,centroid_distance,0.267539374111333,0.022120683485447098,D-post-hoc-diagnostic
replication-set,federation-wide,0.01,73,placebo_eff,placebo_rank,0.08568931583308327,0.47101977755951413,D-post-hoc-diagnostic
replication-set,federation-wide,0.01,73,placebo_eff,nearest_known_distance,0.3077275592283924,0.008086286569149791,D-post-hoc-diagnostic
replication-set,federation-wide,0.01,73,placebo_eff,fit_ratio,0.051736870054396186,0.663778877172414,D-post-hoc-diagnostic
replication-set,federation-wide,0.01,73,placebo_eff,centroid-distance-to-known-malware,0.1308747754158783,0.26974510396628015,D-post-hoc-diagnostic
replication-set,federation-wide,0.01,73,placebo_eff,max-jaccard-to-known-family,0.1384334166315405,0.24280883806623696,D-post-hoc-diagnostic
replication-set,federation-wide,0.01,73,trim_minus_mean,top_share,-0.15622783770421864,0.18687053392496702,D-post-hoc-diagnostic
replication-set,federation-wide,0.01,73,trim_minus_mean,n_peers,0.13035926372053847,0.27165253206299955,D-post-hoc-diagnostic
replication-set,federation-wide,0.01,73,trim_minus_mean,n_peers30,-0.0009695536980428225,0.9935045797822902,D-post-hoc-diagnostic
replication-set,federation-wide,0.01,73,trim_minus_mean,peer_rows,-0.0435794911286009,0.7142973436619323,D-post-hoc-diagnostic
replication-set,federation-wide,0.01,73,med_minus_mean,top_share,-0.10233890537634638,0.3889310858408239,D-post-hoc-diagnostic
replication-set,federation-wide,0.01,73,med_minus_mean,n_peers,0.18860769967299876,0.11003635691689477,D-post-hoc-diagnostic
replication-set,federation-wide,0.01,73,med_minus_mean,n_peers30,0.26340293677334964,0.024347930707726208,D-post-hoc-diagnostic
replication-set,federation-wide,0.01,73,med_minus_mean,peer_rows,0.32028909838846803,0.005736115369015262,D-post-hoc-diagnostic
replication-set,federation-wide,0.05,73,placebo_eff,centroid_distance,0.20412535779156285,0.08323162421727905,D-post-hoc-diagnostic
replication-set,federation-wide,0.05,73,placebo_eff,placebo_rank,0.0540926123050959,0.6494520186343203,D-post-hoc-diagnostic
replication-set,federation-wide,0.05,73,placebo_eff,nearest_known_distance,0.22816647960977687,0.05219752653541836,D-post-hoc-diagnostic
replication-set,federation-wide,0.05,73,placebo_eff,fit_ratio,0.24257569217220487,0.03865984140357634,D-post-hoc-diagnostic
replication-set,federation-wide,0.05,73,placebo_eff,centroid-distance-to-known-malware,0.0724944181386532,0.5421899022549949,D-post-hoc-diagnostic
replication-set,federation-wide,0.05,73,placebo_eff,max-jaccard-to-known-family,0.1448465210340261,0.22145473419840875,D-post-hoc-diagnostic
replication-set,federation-wide,0.05,73,trim_minus_mean,top_share,-0.3072738490571204,0.008185035869930074,D-post-hoc-diagnostic
replication-set,federation-wide,0.05,73,trim_minus_mean,n_peers,0.3573719369317608,0.001910029265919775,D-post-hoc-diagnostic
replication-set,federation-wide,0.05,73,trim_minus_mean,n_peers30,0.20117493072406184,0.0878836274373802,D-post-hoc-diagnostic
replication-set,federation-wide,0.05,73,trim_minus_mean,peer_rows,0.2193158960945559,0.06228514391699799,D-post-hoc-diagnostic
replication-set,federation-wide,0.05,73,med_minus_mean,top_share,0.26718663914223906,0.022303594480778968,D-post-hoc-diagnostic
replication-set,federation-wide,0.05,73,med_minus_mean,n_peers,-0.1324945350297693,0.26381050451072596,D-post-hoc-diagnostic
replication-set,federation-wide,0.05,73,med_minus_mean,n_peers30,0.18916725830280187,0.1089659709499121,D-post-hoc-diagnostic
replication-set,federation-wide,0.05,73,med_minus_mean,peer_rows,0.24269350926317199,0.03856253631131891,D-post-hoc-diagnostic
replication-set,federation-wide,0.1,73,placebo_eff,centroid_distance,0.2832225575464235,0.015181156278275378,D-post-hoc-diagnostic
replication-set,federation-wide,0.1,73,placebo_eff,placebo_rank,0.05530129472466394,0.6421497523271682,D-post-hoc-diagnostic
replication-set,federation-wide,0.1,73,placebo_eff,nearest_known_distance,0.23176973766443723,0.04849352816241198,D-post-hoc-diagnostic
replication-set,federation-wide,0.1,73,placebo_eff,fit_ratio,0.01905889179032083,0.8728470650218204,D-post-hoc-diagnostic
replication-set,federation-wide,0.1,73,placebo_eff,centroid-distance-to-known-malware,0.16549677302991253,0.16173218919876117,D-post-hoc-diagnostic
replication-set,federation-wide,0.1,73,placebo_eff,max-jaccard-to-known-family,0.13520275047788716,0.25408613296487065,D-post-hoc-diagnostic
replication-set,federation-wide,0.1,73,trim_minus_mean,top_share,0.0628339373347691,0.59742317889359,D-post-hoc-diagnostic
replication-set,federation-wide,0.1,73,trim_minus_mean,n_peers,-0.037576444405521825,0.752288327435555,D-post-hoc-diagnostic
replication-set,federation-wide,0.1,73,trim_minus_mean,n_peers30,0.061931870233697936,0.6027058741037483,D-post-hoc-diagnostic
replication-set,federation-wide,0.1,73,trim_minus_mean,peer_rows,0.10024722087922441,0.3987487684705003,D-post-hoc-diagnostic
replication-set,federation-wide,0.1,73,med_minus_mean,top_share,0.13457546854463376,0.2563164810426077,D-post-hoc-diagnostic
replication-set,federation-wide,0.1,73,med_minus_mean,n_peers,-0.011691006510873752,0.9217994598148056,D-post-hoc-diagnostic
replication-set,federation-wide,0.1,73,med_minus_mean,n_peers30,0.21973338211602028,0.0617762235270047,D-post-hoc-diagnostic
replication-set,federation-wide,0.1,73,med_minus_mean,peer_rows,0.27658791614173833,0.01784626613921119,D-post-hoc-diagnostic
replication-set,own-domain,0.01,60,placebo_eff,centroid_distance,0.12759040301732197,0.331299878395104,D-post-hoc-diagnostic
replication-set,own-domain,0.01,60,placebo_eff,placebo_rank,-0.011777097885535956,0.9288362974769631,D-post-hoc-diagnostic
replication-set,own-domain,0.01,60,placebo_eff,nearest_known_distance,0.1378489278830363,0.29356369711321023,D-post-hoc-diagnostic
replication-set,own-domain,0.01,60,placebo_eff,fit_ratio,0.05741276700413985,0.6630384306603379,D-post-hoc-diagnostic
replication-set,own-domain,0.01,60,placebo_eff,centroid-distance-to-known-malware,0.00711102291827925,0.9569959519625564,D-post-hoc-diagnostic
replication-set,own-domain,0.01,60,placebo_eff,max-jaccard-to-known-family,0.09787759456822971,0.4568782258103384,D-post-hoc-diagnostic
replication-set,own-domain,0.01,60,trim_minus_mean,top_share,-0.22673667443111423,0.08148797763714788,D-post-hoc-diagnostic
replication-set,own-domain,0.01,60,trim_minus_mean,n_peers,0.24355862907135437,0.06075722371463579,D-post-hoc-diagnostic
replication-set,own-domain,0.01,60,trim_minus_mean,n_peers30,0.09314727727678913,0.47902030974611426,D-post-hoc-diagnostic
replication-set,own-domain,0.01,60,trim_minus_mean,peer_rows,0.18384569042390897,0.15968746813750553,D-post-hoc-diagnostic
replication-set,own-domain,0.01,60,med_minus_mean,top_share,-0.13453873503802502,0.30542029548947885,D-post-hoc-diagnostic
replication-set,own-domain,0.01,60,med_minus_mean,n_peers,0.17707303380418554,0.17590495258591027,D-post-hoc-diagnostic
replication-set,own-domain,0.01,60,med_minus_mean,n_peers30,0.2846871439997614,0.027480216568090247,D-post-hoc-diagnostic
replication-set,own-domain,0.01,60,med_minus_mean,peer_rows,0.31022099581944024,0.0158542480717289,D-post-hoc-diagnostic
replication-set,own-domain,0.05,60,placebo_eff,centroid_distance,0.22018197565779424,0.09093998365519294,D-post-hoc-diagnostic
replication-set,own-domain,0.05,60,placebo_eff,placebo_rank,-0.0608092131863727,0.6444075325650247,D-post-hoc-diagnostic
replication-set,own-domain,0.05,60,placebo_eff,nearest_known_distance,0.28066596999217935,0.02984342402886675,D-post-hoc-diagnostic
replication-set,own-domain,0.05,60,placebo_eff,fit_ratio,0.32794017002490977,0.01052932558413407,D-post-hoc-diagnostic
replication-set,own-domain,0.05,60,placebo_eff,centroid-distance-to-known-malware,0.06796017579021527,0.6058958366861835,D-post-hoc-diagnostic
replication-set,own-domain,0.05,60,placebo_eff,max-jaccard-to-known-family,0.16981160883209417,0.194586754135843,D-post-hoc-diagnostic
replication-set,own-domain,0.05,60,trim_minus_mean,top_share,-0.12563916363830718,0.3388086375881271,D-post-hoc-diagnostic
replication-set,own-domain,0.05,60,trim_minus_mean,n_peers,0.17707700553017955,0.1758951042158805,D-post-hoc-diagnostic
replication-set,own-domain,0.05,60,trim_minus_mean,n_peers30,0.18984963784598963,0.14625585525865942,D-post-hoc-diagnostic
replication-set,own-domain,0.05,60,trim_minus_mean,peer_rows,0.19968975463585686,0.1260899263991136,D-post-hoc-diagnostic
replication-set,own-domain,0.05,60,med_minus_mean,top_share,0.23332369556922278,0.07278896416718147,D-post-hoc-diagnostic
replication-set,own-domain,0.05,60,med_minus_mean,n_peers,-0.1551145363413565,0.2366443885857659,D-post-hoc-diagnostic
replication-set,own-domain,0.05,60,med_minus_mean,n_peers30,0.22352331603769532,0.0860197777503546,D-post-hoc-diagnostic
replication-set,own-domain,0.05,60,med_minus_mean,peer_rows,0.2410101223427092,0.06359153776859096,D-post-hoc-diagnostic
replication-set,own-domain,0.1,60,placebo_eff,centroid_distance,0.22361090098715994,0.08589368218428477,D-post-hoc-diagnostic
replication-set,own-domain,0.1,60,placebo_eff,placebo_rank,-0.01113289339889209,0.9327196765404202,D-post-hoc-diagnostic
replication-set,own-domain,0.1,60,placebo_eff,nearest_known_distance,0.19117664008479912,0.14340426138636608,D-post-hoc-diagnostic
replication-set,own-domain,0.1,60,placebo_eff,fit_ratio,0.10562214252259264,0.42186760159217196,D-post-hoc-diagnostic
replication-set,own-domain,0.1,60,placebo_eff,centroid-distance-to-known-malware,0.13963033636302294,0.28730916146641955,D-post-hoc-diagnostic
replication-set,own-domain,0.1,60,placebo_eff,max-jaccard-to-known-family,0.15297380818809078,0.2432560183498668,D-post-hoc-diagnostic
replication-set,own-domain,0.1,60,trim_minus_mean,top_share,0.06111328596275954,0.6427499137272825,D-post-hoc-diagnostic
replication-set,own-domain,0.1,60,trim_minus_mean,n_peers,-0.08550129872430556,0.5159833624706829,D-post-hoc-diagnostic
replication-set,own-domain,0.1,60,trim_minus_mean,n_peers30,-0.08460855618482951,0.5203911110994665,D-post-hoc-diagnostic
replication-set,own-domain,0.1,60,trim_minus_mean,peer_rows,-0.16316805987297361,0.21288372531765345,D-post-hoc-diagnostic
replication-set,own-domain,0.1,60,med_minus_mean,top_share,0.018515098729917048,0.8883341663868196,D-post-hoc-diagnostic
replication-set,own-domain,0.1,60,med_minus_mean,n_peers,0.1488925645405407,0.25620854833489687,D-post-hoc-diagnostic
replication-set,own-domain,0.1,60,med_minus_mean,n_peers30,0.11535409256558349,0.3801241368178161,D-post-hoc-diagnostic
replication-set,own-domain,0.1,60,med_minus_mean,peer_rows,0.20587428228624435,0.11454119568982463,D-post-hoc-diagnostic
pooled-family-sets,federation-wide,0.01,143,placebo_eff,centroid_distance,0.10542802900920233,0.2101451214157004,D-post-hoc-diagnostic
pooled-family-sets,federation-wide,0.01,143,placebo_eff,placebo_rank,-0.0241151738663149,0.7749653162353584,D-post-hoc-diagnostic
pooled-family-sets,federation-wide,0.01,143,placebo_eff,nearest_known_distance,0.17754563399526854,0.033889239276263444,D-post-hoc-diagnostic
pooled-family-sets,federation-wide,0.01,143,placebo_eff,fit_ratio,-0.0407548986450608,0.6288960694993675,D-post-hoc-diagnostic
pooled-family-sets,federation-wide,0.01,143,placebo_eff,centroid-distance-to-known-malware,0.10313884705491579,0.2202707617856131,D-post-hoc-diagnostic
pooled-family-sets,federation-wide,0.01,143,placebo_eff,max-jaccard-to-known-family,0.06421280055750647,0.44610723743720304,D-post-hoc-diagnostic
pooled-family-sets,federation-wide,0.01,143,trim_minus_mean,top_share,-0.060407705722817895,0.473567874429093,D-post-hoc-diagnostic
pooled-family-sets,federation-wide,0.01,143,trim_minus_mean,n_peers,-0.017897145350441634,0.8319842705085542,D-post-hoc-diagnostic
pooled-family-sets,federation-wide,0.01,143,trim_minus_mean,n_peers30,0.15542553093606407,0.06379820229735841,D-post-hoc-diagnostic
pooled-family-sets,federation-wide,0.01,143,trim_minus_mean,peer_rows,0.17839079888754045,0.033035610244465746,D-post-hoc-diagnostic
pooled-family-sets,federation-wide,0.01,143,med_minus_mean,top_share,-0.11143121388060427,0.18518481046222005,D-post-hoc-diagnostic
pooled-family-sets,federation-wide,0.01,143,med_minus_mean,n_peers,0.044390462629665596,0.5985870964974771,D-post-hoc-diagnostic
pooled-family-sets,federation-wide,0.01,143,med_minus_mean,n_peers30,0.3096895016465689,0.000167346096886272,D-post-hoc-diagnostic
pooled-family-sets,federation-wide,0.01,143,med_minus_mean,peer_rows,0.27427043807729035,0.0009170419520232872,D-post-hoc-diagnostic
pooled-family-sets,federation-wide,0.05,143,placebo_eff,centroid_distance,0.023255409689838104,0.7827855504571787,D-post-hoc-diagnostic
pooled-family-sets,federation-wide,0.05,143,placebo_eff,placebo_rank,-0.0826486686073067,0.3264249881854522,D-post-hoc-diagnostic
pooled-family-sets,federation-wide,0.05,143,placebo_eff,nearest_known_distance,0.13224142265536806,0.1153901459738771,D-post-hoc-diagnostic
pooled-family-sets,federation-wide,0.05,143,placebo_eff,fit_ratio,0.21211447778955336,0.010982128742688007,D-post-hoc-diagnostic
pooled-family-sets,federation-wide,0.05,143,placebo_eff,centroid-distance-to-known-malware,0.010735649260366891,0.898737295837368,D-post-hoc-diagnostic
pooled-family-sets,federation-wide,0.05,143,placebo_eff,max-jaccard-to-known-family,0.11867295288078612,0.15804989434468864,D-post-hoc-diagnostic
pooled-family-sets,federation-wide,0.05,143,trim_minus_mean,top_share,-0.17397473993599402,0.03770468701632261,D-post-hoc-diagnostic
pooled-family-sets,federation-wide,0.05,143,trim_minus_mean,n_peers,0.17892331512317572,0.032507166932620235,D-post-hoc-diagnostic
pooled-family-sets,federation-wide,0.05,143,trim_minus_mean,n_peers30,0.14823497504602037,0.07725344695551178,D-post-hoc-diagnostic
pooled-family-sets,federation-wide,0.05,143,trim_minus_mean,peer_rows,0.044357015657152804,0.5988629291708002,D-post-hoc-diagnostic
pooled-family-sets,federation-wide,0.05,143,med_minus_mean,top_share,0.23081286424888584,0.005546579284017818,D-post-hoc-diagnostic
pooled-family-sets,federation-wide,0.05,143,med_minus_mean,n_peers,-0.12858759601692257,0.1258807356521742,D-post-hoc-diagnostic
pooled-family-sets,federation-wide,0.05,143,med_minus_mean,n_peers30,0.10622314429858241,0.20670734793971113,D-post-hoc-diagnostic
pooled-family-sets,federation-wide,0.05,143,med_minus_mean,peer_rows,0.11672294232430803,0.16504471623555098,D-post-hoc-diagnostic
pooled-family-sets,federation-wide,0.1,143,placebo_eff,centroid_distance,0.12443707273888267,0.13867252007758993,D-post-hoc-diagnostic
pooled-family-sets,federation-wide,0.1,143,placebo_eff,placebo_rank,-0.02297536160277803,0.7853375468389364,D-post-hoc-diagnostic
pooled-family-sets,federation-wide,0.1,143,placebo_eff,nearest_known_distance,0.06495756642543539,0.44083939487448814,D-post-hoc-diagnostic
pooled-family-sets,federation-wide,0.1,143,placebo_eff,fit_ratio,-0.012023074946474626,0.8866705833161802,D-post-hoc-diagnostic
pooled-family-sets,federation-wide,0.1,143,placebo_eff,centroid-distance-to-known-malware,0.09540842205271548,0.2570071847346315,D-post-hoc-diagnostic
pooled-family-sets,federation-wide,0.1,143,placebo_eff,max-jaccard-to-known-family,0.01675577607627177,0.8425558531077596,D-post-hoc-diagnostic
pooled-family-sets,federation-wide,0.1,143,trim_minus_mean,top_share,0.037556618236878565,0.6560832261324173,D-post-hoc-diagnostic
pooled-family-sets,federation-wide,0.1,143,trim_minus_mean,n_peers,-0.00025464105670322876,0.9975917178094093,D-post-hoc-diagnostic
pooled-family-sets,federation-wide,0.1,143,trim_minus_mean,n_peers30,0.08669621512648568,0.30320866033661603,D-post-hoc-diagnostic
pooled-family-sets,federation-wide,0.1,143,trim_minus_mean,peer_rows,-0.027122571619724378,0.7477926010400278,D-post-hoc-diagnostic
pooled-family-sets,federation-wide,0.1,143,med_minus_mean,top_share,0.12765631573648126,0.12866866953249548,D-post-hoc-diagnostic
pooled-family-sets,federation-wide,0.1,143,med_minus_mean,n_peers,-0.04808807008101282,0.5684519983242728,D-post-hoc-diagnostic
pooled-family-sets,federation-wide,0.1,143,med_minus_mean,n_peers30,0.07892718182315642,0.3487529353005715,D-post-hoc-diagnostic
pooled-family-sets,federation-wide,0.1,143,med_minus_mean,peer_rows,0.13202948932346856,0.11597943384042185,D-post-hoc-diagnostic
pooled-family-sets,own-domain,0.01,126,placebo_eff,centroid_distance,0.10653993403552815,0.23508094501865795,D-post-hoc-diagnostic
pooled-family-sets,own-domain,0.01,126,placebo_eff,placebo_rank,0.07044375789077804,0.43314394404123757,D-post-hoc-diagnostic
pooled-family-sets,own-domain,0.01,126,placebo_eff,nearest_known_distance,0.09021729241700009,0.31506812302255616,D-post-hoc-diagnostic
pooled-family-sets,own-domain,0.01,126,placebo_eff,fit_ratio,-0.08892045502084311,0.3221032126215635,D-post-hoc-diagnostic
pooled-family-sets,own-domain,0.01,126,placebo_eff,centroid-distance-to-known-malware,-0.016701022682348094,0.8527481771439928,D-post-hoc-diagnostic
pooled-family-sets,own-domain,0.01,126,placebo_eff,max-jaccard-to-known-family,0.14992223591002662,0.09381946920898504,D-post-hoc-diagnostic
pooled-family-sets,own-domain,0.01,126,trim_minus_mean,top_share,-0.07735291121988676,0.3892811916115076,D-post-hoc-diagnostic
pooled-family-sets,own-domain,0.01,126,trim_minus_mean,n_peers,0.00832787257801711,0.9262609925465561,D-post-hoc-diagnostic
pooled-family-sets,own-domain,0.01,126,trim_minus_mean,n_peers30,0.19633821974033863,0.027565197506084486,D-post-hoc-diagnostic
pooled-family-sets,own-domain,0.01,126,trim_minus_mean,peer_rows,0.22702631382070554,0.010574975953380746,D-post-hoc-diagnostic
pooled-family-sets,own-domain,0.01,126,med_minus_mean,top_share,-0.060441429202163485,0.5013884112237872,D-post-hoc-diagnostic
pooled-family-sets,own-domain,0.01,126,med_minus_mean,n_peers,-0.008937814487449769,0.9208771968933099,D-post-hoc-diagnostic
pooled-family-sets,own-domain,0.01,126,med_minus_mean,n_peers30,0.25829764849569,0.003497933946780818,D-post-hoc-diagnostic
pooled-family-sets,own-domain,0.01,126,med_minus_mean,peer_rows,0.20889078762104177,0.018905817618412837,D-post-hoc-diagnostic
pooled-family-sets,own-domain,0.05,126,placebo_eff,centroid_distance,-0.051170834366824215,0.5693292092383273,D-post-hoc-diagnostic
pooled-family-sets,own-domain,0.05,126,placebo_eff,placebo_rank,-0.223167512776662,0.012010144302019745,D-post-hoc-diagnostic
pooled-family-sets,own-domain,0.05,126,placebo_eff,nearest_known_distance,0.1799301323695793,0.04379295976905932,D-post-hoc-diagnostic
pooled-family-sets,own-domain,0.05,126,placebo_eff,fit_ratio,0.2088105737095789,0.01895264752452162,D-post-hoc-diagnostic
pooled-family-sets,own-domain,0.05,126,placebo_eff,centroid-distance-to-known-malware,-0.01878206781300447,0.834646966231411,D-post-hoc-diagnostic
pooled-family-sets,own-domain,0.05,126,placebo_eff,max-jaccard-to-known-family,0.12278666453041559,0.17077129911369146,D-post-hoc-diagnostic
pooled-family-sets,own-domain,0.05,126,trim_minus_mean,top_share,-0.09646357773311551,0.28259074312640714,D-post-hoc-diagnostic
pooled-family-sets,own-domain,0.05,126,trim_minus_mean,n_peers,0.09335504770166993,0.29846222022666696,D-post-hoc-diagnostic
pooled-family-sets,own-domain,0.05,126,trim_minus_mean,n_peers30,0.08637022223277707,0.33623070253537823,D-post-hoc-diagnostic
pooled-family-sets,own-domain,0.05,126,trim_minus_mean,peer_rows,0.0225354423948335,0.8022235370377048,D-post-hoc-diagnostic
pooled-family-sets,own-domain,0.05,126,med_minus_mean,top_share,0.1768095963253844,0.04764337077915498,D-post-hoc-diagnostic
pooled-family-sets,own-domain,0.05,126,med_minus_mean,n_peers,-0.10228475599099365,0.2544142679056976,D-post-hoc-diagnostic
pooled-family-sets,own-domain,0.05,126,med_minus_mean,n_peers30,0.04665320948304128,0.6039389531959058,D-post-hoc-diagnostic
pooled-family-sets,own-domain,0.05,126,med_minus_mean,peer_rows,0.06042271429593291,0.5015211617623682,D-post-hoc-diagnostic
pooled-family-sets,own-domain,0.1,126,placebo_eff,centroid_distance,0.0901455741663378,0.31545455510947973,D-post-hoc-diagnostic
pooled-family-sets,own-domain,0.1,126,placebo_eff,placebo_rank,-0.02338804631946482,0.7949028845411553,D-post-hoc-diagnostic
pooled-family-sets,own-domain,0.1,126,placebo_eff,nearest_known_distance,0.15079058745194057,0.09191095570202444,D-post-hoc-diagnostic
pooled-family-sets,own-domain,0.1,126,placebo_eff,fit_ratio,0.09085694897127752,0.3116351259262905,D-post-hoc-diagnostic
pooled-family-sets,own-domain,0.1,126,placebo_eff,centroid-distance-to-known-malware,0.10272220362178551,0.25237779430233115,D-post-hoc-diagnostic
pooled-family-sets,own-domain,0.1,126,placebo_eff,max-jaccard-to-known-family,-0.025117108127665523,0.7801120433472183,D-post-hoc-diagnostic
pooled-family-sets,own-domain,0.1,126,trim_minus_mean,top_share,0.06930281741584644,0.4406494377027545,D-post-hoc-diagnostic
pooled-family-sets,own-domain,0.1,126,trim_minus_mean,n_peers,-0.06066329372919509,0.49981606027270414,D-post-hoc-diagnostic
pooled-family-sets,own-domain,0.1,126,trim_minus_mean,n_peers30,-0.11759594034995087,0.18971899254440025,D-post-hoc-diagnostic
pooled-family-sets,own-domain,0.1,126,trim_minus_mean,peer_rows,-0.18547301981489625,0.03759372663583827,D-post-hoc-diagnostic
pooled-family-sets,own-domain,0.1,126,med_minus_mean,top_share,0.07755290983862065,0.3880526223787006,D-post-hoc-diagnostic
pooled-family-sets,own-domain,0.1,126,med_minus_mean,n_peers,0.08965644478969396,0.31809827836454224,D-post-hoc-diagnostic
pooled-family-sets,own-domain,0.1,126,med_minus_mean,n_peers30,0.04285126901248648,0.6337684573508469,D-post-hoc-diagnostic
pooled-family-sets,own-domain,0.1,126,med_minus_mean,peer_rows,0.05513917970126217,0.5397215564299869,D-post-hoc-diagnostic
