set,population,alpha,family,cells,placebo_eff,ctk_minus_pl,ctk_mean,ctk_trim,ctk_med,trim_minus_mean,med_minus_mean,n_peers,n_peers30,top_share,peer_rows,evidence_class
primary-set,federation-wide,0.01,adwo,10,0.026563120421025772,0.023269810536771008,0.04983293095779678,0.08290000504620132,0.06535315601367583,0.03306707408840454,0.01552022505587905,2.0,1.3,0.9520111165114754,230.1,D-post-hoc-diagnostic
primary-set,federation-wide,0.01,airpush,10,-0.008383976846202484,0.09397839615758688,0.08559441931138438,0.08761863286842449,0.08414620643773199,0.002024213557040094,-0.001448212873652399,3.0,1.4,0.726611019476956,232.1,D-post-hoc-diagnostic
primary-set,federation-wide,0.01,dowgin,10,0.003302122945440779,-0.02746517255836533,-0.024163049612924547,0.053482107875476005,0.03766459094489444,0.07764515748840055,0.06182764055781899,1.9,1.3,0.9825029206541748,1350.3,D-post-hoc-diagnostic
primary-set,federation-wide,0.01,gappusin,10,0.005558080580184419,0.015037511279791712,0.020595591859976132,0.033025972154096105,0.051217260334564085,0.012430380294119974,0.03062166847458795,2.0,1.4,0.8998663504040959,326.9,D-post-hoc-diagnostic
primary-set,federation-wide,0.01,hiddad,10,-0.001623281617931903,0.004618665617298044,0.0029953839993661414,-0.002912548425357262,0.009932718480291869,-0.0059079324247234034,0.006937334480925728,3.0,0.0,0.6322705924729414,24.5,D-post-hoc-diagnostic
primary-set,federation-wide,0.01,leadbolt,10,0.0030706207604244222,0.1480964414435532,0.1511670622039776,0.15368458724004003,0.2214842251630206,0.0025175250360624036,0.070317162959043,3.0,1.2,0.6999405778994723,81.8,D-post-hoc-diagnostic
primary-set,federation-wide,0.01,revmob,10,-0.006037423712148075,0.1890394667780498,0.1830020430659017,0.1770511770347646,0.15679202756490335,-0.005950866031137108,-0.026210015500998357,2.7,1.0,0.9102904065143536,56.1,D-post-hoc-diagnostic
primary-set,federation-wide,0.05,adwo,10,0.015322020771063084,0.11912716725386936,0.13444918802493244,0.1311096886214321,0.09402440079909348,-0.0033394994035003344,-0.04042478722583897,2.0,1.3,0.9520111165114754,230.1,D-post-hoc-diagnostic
primary-set,federation-wide,0.05,airpush,10,-0.007567670459027226,0.1225569306081841,0.11498926014915686,0.10861925739317876,0.1066031894898665,-0.0063700027559781104,-0.00838607065929039,3.0,1.4,0.726611019476956,232.1,D-post-hoc-diagnostic
primary-set,federation-wide,0.05,dowgin,10,-0.016450969367863055,0.0036456575747933926,-0.012805311793069662,-0.026900468180554714,0.030358826370897207,-0.014095156387485052,0.04316413816396687,1.9,1.3,0.9825029206541748,1350.3,D-post-hoc-diagnostic
primary-set,federation-wide,0.05,gappusin,10,-0.0006485357163341255,0.10040049344270315,0.09975195772636902,0.08683997263168204,0.08617422931759391,-0.01291198509468699,-0.013577728408775103,2.0,1.4,0.8998663504040959,326.9,D-post-hoc-diagnostic
primary-set,federation-wide,0.05,hiddad,10,-0.010898841409016488,0.03306962395039824,0.022170782541381755,0.01607459332103797,0.01720624349099309,-0.006096189220343787,-0.004964539050388667,3.0,0.0,0.6322705924729414,24.5,D-post-hoc-diagnostic
primary-set,federation-wide,0.05,leadbolt,10,0.0028771067295607355,0.319114704578523,0.32199181130808374,0.3261481080944016,0.3504699505195839,0.004156296786317829,0.028478139211500147,3.0,1.2,0.6999405778994723,81.8,D-post-hoc-diagnostic
primary-set,federation-wide,0.05,revmob,10,-0.003926428720493718,0.31345312520673113,0.30952669648623743,0.3267479114498167,0.36908150273851426,0.017221214963579277,0.059554806252276826,2.7,1.0,0.9102904065143536,56.1,D-post-hoc-diagnostic
primary-set,federation-wide,0.1,adwo,10,-0.008000641737419162,0.07388645752414594,0.06588581578672677,0.0655891566058816,0.0848993876385373,-0.0002966591808451657,0.01901357185181053,2.0,1.3,0.9520111165114754,230.1,D-post-hoc-diagnostic
primary-set,federation-wide,0.1,airpush,10,-0.006356502976184541,0.1389215213329718,0.13256501835678725,0.12611552915836763,0.12047714898693969,-0.0064494891984196116,-0.01208786936984756,3.0,1.4,0.726611019476956,232.1,D-post-hoc-diagnostic
primary-set,federation-wide,0.1,dowgin,10,-0.00228839302736602,0.005455318271417065,0.0031669252440510443,0.01918346334511265,0.029970833624311667,0.016016538101061607,0.026803908380260623,1.9,1.3,0.9825029206541748,1350.3,D-post-hoc-diagnostic
primary-set,federation-wide,0.1,gappusin,10,0.002256172751622476,0.09188934695082338,0.09414551970244585,0.09384929543271936,0.07085490856522697,-0.0002962242697264916,-0.02329061113721888,2.0,1.4,0.8998663504040959,326.9,D-post-hoc-diagnostic
primary-set,federation-wide,0.1,hiddad,10,-0.021064697610138454,0.05480103240643208,0.03373633479629363,0.03279807605185433,0.04196901408554655,-0.0009382587444392964,0.00823267928925292,3.0,0.0,0.6322705924729414,24.5,D-post-hoc-diagnostic
primary-set,federation-wide,0.1,leadbolt,10,-0.027517428792845754,0.34290269699292136,0.3153852682000756,0.333446724080236,0.34273965075320206,0.018061455880160403,0.027354382553126454,3.0,1.2,0.6999405778994723,81.8,D-post-hoc-diagnostic
primary-set,federation-wide,0.1,revmob,10,0.0013960721190241303,0.3984046531437233,0.39980072526274746,0.432143375318154,0.4060317830293923,0.03234265005540656,0.006231057766644857,2.7,1.0,0.9102904065143536,56.1,D-post-hoc-diagnostic
primary-set,own-domain,0.01,adwo,10,0.0059017957589990195,0.047931429886316594,0.05383322564531562,0.0841145568757882,0.09731075468509422,0.030281331230472587,0.0434775290397786,2.0,1.3,0.9520111165114754,230.1,D-post-hoc-diagnostic
primary-set,own-domain,0.01,airpush,10,-0.006809571883593682,0.10079782172208018,0.0939882498384865,0.1192772582101225,0.07739139778147207,0.025289008371636,-0.01659685205701442,3.0,1.4,0.726611019476956,232.1,D-post-hoc-diagnostic
primary-set,own-domain,0.01,dowgin,10,-0.011195762266705551,0.01566539612870082,0.004469633861995269,0.013004418007891955,-0.009634316658131,0.008534784145896685,-0.014103950520126269,1.9,1.3,0.9825029206541748,1350.3,D-post-hoc-diagnostic
primary-set,own-domain,0.01,gappusin,10,0.007155511059854856,0.00733062284743807,0.014486133907292925,0.02161438718168229,0.013999875414925849,0.007128253274389365,-0.0004862584923670761,2.0,1.4,0.8998663504040959,326.9,D-post-hoc-diagnostic
primary-set,own-domain,0.01,hiddad,8,-0.009760585307055605,0.026007936272281918,0.016247350965226316,0.0047201832799704,0.005916952010193989,-0.011527167685255914,-0.010330398955032325,3.0,0.0,0.6170049072578434,23.0,D-post-hoc-diagnostic
primary-set,own-domain,0.01,leadbolt,9,0.01565454594970309,0.18264886100180763,0.19830340695151072,0.13657709371467336,0.24179747678490393,-0.06172631323683737,0.04349406983339324,3.0,1.2222222222222223,0.6973335026306193,80.44444444444444,D-post-hoc-diagnostic
primary-set,own-domain,0.01,revmob,9,0.0,0.1653239378639836,0.1653239378639836,0.1530856125821801,0.15637160534185704,-0.012238325281803538,-0.008952332522126565,2.6666666666666665,1.0,0.917094162374439,56.44444444444444,D-post-hoc-diagnostic
primary-set,own-domain,0.05,adwo,10,0.018558826006140023,0.07157487440560817,0.0901337004117482,0.07776040645071494,0.03960341584913003,-0.012373293961033266,-0.05053028456261817,2.0,1.3,0.9520111165114754,230.1,D-post-hoc-diagnostic
primary-set,own-domain,0.05,airpush,10,0.007354290177305578,0.05684994124590068,0.06420423142320626,0.06000073410819671,0.04790304988793914,-0.004203497315009547,-0.016301181535267117,3.0,1.4,0.726611019476956,232.1,D-post-hoc-diagnostic
primary-set,own-domain,0.05,dowgin,10,-0.028232063762978914,-0.010449914550963729,-0.03868197831394264,-0.042119575304823756,0.01019591768618886,-0.0034375969908811144,0.0488778960001315,1.9,1.3,0.9825029206541748,1350.3,D-post-hoc-diagnostic
primary-set,own-domain,0.05,gappusin,10,0.004748563000206885,0.0480716948502129,0.052820257850419786,0.029941132776411118,0.04431189207081637,-0.02287912507400867,-0.008508365779603417,2.0,1.4,0.8998663504040959,326.9,D-post-hoc-diagnostic
primary-set,own-domain,0.05,hiddad,8,-0.024888218686078212,0.01547619547386343,-0.00941202321221478,-0.014582659271421335,-0.013145867283656208,-0.005170636059206554,-0.0037338440714414275,3.0,0.0,0.6170049072578434,23.0,D-post-hoc-diagnostic
primary-set,own-domain,0.05,leadbolt,9,-0.011098541770119028,0.31868892319586883,0.3075903814257498,0.27724186700609876,0.3107165487180207,-0.030348514419651022,0.0031261672922708503,3.0,1.2222222222222223,0.6973335026306193,80.44444444444444,D-post-hoc-diagnostic
primary-set,own-domain,0.05,revmob,9,0.0016180245299238444,0.26571162917239105,0.2673296537023149,0.2897058289372194,0.2831250120185374,0.022376175234904525,0.015795358316222488,2.6666666666666665,1.0,0.917094162374439,56.44444444444444,D-post-hoc-diagnostic
primary-set,own-domain,0.1,adwo,10,-0.0168385490209098,0.04115126102126163,0.024312712000351833,0.03708615861535179,0.038908216596735504,0.012773446614999956,0.014595504596383669,2.0,1.3,0.9520111165114754,230.1,D-post-hoc-diagnostic
primary-set,own-domain,0.1,airpush,10,0.013505133893696009,0.06637888343378548,0.07988401732748149,0.050884902931057255,0.04785564503063562,-0.02899911439642424,-0.032028372296845874,3.0,1.4,0.726611019476956,232.1,D-post-hoc-diagnostic
primary-set,own-domain,0.1,dowgin,10,-0.01886978412240835,-0.0006302500942414968,-0.019500034216649847,-0.007215650962085851,0.0017940166895545119,0.012284383254563996,0.02129405090620436,1.9,1.3,0.9825029206541748,1350.3,D-post-hoc-diagnostic
primary-set,own-domain,0.1,gappusin,10,0.0005474167378551109,0.04288758989571513,0.04343500663357024,0.043940724220580665,0.03607907916526789,0.0005057175870104181,-0.0073559274683023534,2.0,1.4,0.8998663504040959,326.9,D-post-hoc-diagnostic
primary-set,own-domain,0.1,hiddad,8,0.008288986238352399,0.0036521898667694203,0.011941176105121819,0.02413833226533125,0.025212556176710425,0.01219715616020943,0.013271380071588606,3.0,0.0,0.6170049072578434,23.0,D-post-hoc-diagnostic
primary-set,own-domain,0.1,leadbolt,9,-0.04149941539360191,0.24603063800853076,0.20453122261492881,0.21975984626092882,0.3068956277694277,0.015228623646000016,0.10236440515449889,3.0,1.2222222222222223,0.6973335026306193,80.44444444444444,D-post-hoc-diagnostic
primary-set,own-domain,0.1,revmob,9,-0.043075007780890136,0.30179815124625997,0.25872314346536984,0.3236301093028109,0.3518581192965364,0.06490696583744102,0.09313497583116646,2.6666666666666665,1.0,0.917094162374439,56.44444444444444,D-post-hoc-diagnostic
replication-set,federation-wide,0.01,dnotua,10,-0.014118541927153666,0.01146623482955467,-0.0026523070975989957,-0.0049403832066031075,0.021915913866293407,-0.002288076109004112,0.024568220963892405,2.9,0.6,0.8621564429364504,174.5,D-post-hoc-diagnostic
replication-set,federation-wide,0.01,domob,10,0.022052255159295736,0.06069997450247735,0.08275222966177308,0.12715974030571267,0.045947928804783954,0.04440751064393959,-0.036804300856989124,1.6,0.8,0.9219150882335235,92.3,D-post-hoc-diagnostic
replication-set,federation-wide,0.01,inmobi,10,0.05449563406139041,0.14353723045664343,0.19803286451803384,0.1820774604707673,0.13386227670985712,-0.015955404047266523,-0.06417058780817672,2.0,0.7,0.8633814440439119,59.4,D-post-hoc-diagnostic
replication-set,federation-wide,0.01,kuguo,10,-0.023191889929840576,0.021556309602227732,-0.0016355803276128442,0.002292579000298095,0.02254994957181124,0.0039281593279109385,0.024185529899424085,1.8,1.3,0.9208569439076241,801.3,D-post-hoc-diagnostic
replication-set,federation-wide,0.01,smsreg,10,-0.023308449478153404,0.09073871311009392,0.0674302636319405,0.08846871159009624,0.07740909335067296,0.02103844795815573,0.009978829718732462,2.9,1.6,0.7146887303292393,304.0,D-post-hoc-diagnostic
replication-set,federation-wide,0.01,utchi,10,0.0,0.0,0.0,0.0,0.0,0.0,0.0,1.0,1.0,1.0,51.8,D-post-hoc-diagnostic
replication-set,federation-wide,0.01,youmi,10,-0.007287403148415679,0.01801915445378373,0.010731751305368051,0.026484713275862243,0.03913230635907104,0.01575296197049419,0.02840055505370299,2.6,1.2,0.9172296064615413,162.2,D-post-hoc-diagnostic
replication-set,federation-wide,0.01,zdtad,3,-0.013021730777884315,0.0018141288131838472,-0.011207601964700468,-0.01276111489944006,0.005251610424404365,-0.0015535129347395901,0.016459212389104833,1.0,1.0,1.0,136.0,D-post-hoc-diagnostic
replication-set,federation-wide,0.05,dnotua,10,-0.024158892291825287,0.014890110982326538,-0.00926878130949875,-0.01595674476448959,0.07191803676969936,-0.006687963454990842,0.08118681807919813,2.9,0.6,0.8621564429364504,174.5,D-post-hoc-diagnostic
replication-set,federation-wide,0.05,domob,10,0.028152557876002217,0.08780483985760301,0.11595739773360521,0.1460837542431664,0.08131294166679487,0.030126356509561192,-0.034644456066810346,1.6,0.8,0.9219150882335235,92.3,D-post-hoc-diagnostic
replication-set,federation-wide,0.05,inmobi,10,0.006408656236685318,0.12229789171225094,0.12870654794893627,0.1380673130237872,0.12313154253425691,0.00936076507485093,-0.005575005414679335,2.0,0.7,0.8633814440439119,59.4,D-post-hoc-diagnostic
replication-set,federation-wide,0.05,kuguo,10,-0.03666260362812086,0.033638058699911114,-0.003024544928209755,0.0016493711997802335,0.06707905956391222,0.004673916127989989,0.07010360449212198,1.8,1.3,0.9208569439076241,801.3,D-post-hoc-diagnostic
replication-set,federation-wide,0.05,smsreg,10,-0.018725766164114165,0.07566346530116515,0.056937699137050976,0.062634261866616,0.07841218565175065,0.0056965627295650165,0.021474486514699666,2.9,1.6,0.7146887303292393,304.0,D-post-hoc-diagnostic
replication-set,federation-wide,0.05,utchi,10,0.0004371584699453555,0.05185483599506234,0.05229199446500769,0.005527737991609646,0.41917654933759885,-0.04676425647339805,0.3668845548725911,1.0,1.0,1.0,51.8,D-post-hoc-diagnostic
replication-set,federation-wide,0.05,youmi,10,-0.002380412004627544,0.055089003238133614,0.052708591233506075,0.0595781169691668,0.07455087430169469,0.006869525735660731,0.02184228306818861,2.6,1.2,0.9172296064615413,162.2,D-post-hoc-diagnostic
replication-set,federation-wide,0.05,zdtad,3,-0.031529104173661615,-0.06364008990454563,-0.09516919407820724,-0.2250743512438603,-0.023733986618160657,-0.129905157165653,0.0714352074600466,1.0,1.0,1.0,136.0,D-post-hoc-diagnostic
replication-set,federation-wide,0.1,dnotua,10,-0.011681800205086815,0.009259833664127134,-0.00242196654095968,-0.012352763661942434,-0.00515231660561265,-0.009930797120982753,-0.00273035006465297,2.9,0.6,0.8621564429364504,174.5,D-post-hoc-diagnostic
replication-set,federation-wide,0.1,domob,10,0.03999579405772636,0.09585318896100217,0.13584898301872853,0.1230774678969492,0.1172989837102959,-0.01277151512177933,-0.018549999308432624,1.6,0.8,0.9219150882335235,92.3,D-post-hoc-diagnostic
replication-set,federation-wide,0.1,inmobi,10,0.020287647967765998,0.11209358292360616,0.13238123089137216,0.12923657851734452,0.10502722628265229,-0.0031446523740276565,-0.027354004608719885,2.0,0.7,0.8633814440439119,59.4,D-post-hoc-diagnostic
replication-set,federation-wide,0.1,kuguo,10,-0.01344954198745708,0.022845185476892026,0.009395643489434946,0.015610721627694201,0.05583448949693835,0.006215078138259255,0.046438846007503407,1.8,1.3,0.9208569439076241,801.3,D-post-hoc-diagnostic
replication-set,federation-wide,0.1,smsreg,10,-0.007517220996719637,0.05219045864780257,0.044673237651082935,0.048687966104204825,0.061115602872192434,0.004014728453121891,0.016442365221109496,2.9,1.6,0.7146887303292393,304.0,D-post-hoc-diagnostic
replication-set,federation-wide,0.1,utchi,10,-0.01632302405498282,0.4213633596002097,0.4050403355452269,0.5041525886278703,0.5711837779793786,0.0991122530826434,0.16614344243415163,1.0,1.0,1.0,51.8,D-post-hoc-diagnostic
replication-set,federation-wide,0.1,youmi,10,-0.007432443071351075,0.07908055656871613,0.07164811349736505,0.08065759501020363,0.10509187313229022,0.00900948151283858,0.03344375963492517,2.6,1.2,0.9172296064615413,162.2,D-post-hoc-diagnostic
replication-set,federation-wide,0.1,zdtad,3,0.016420127218624292,-0.06457341493047745,-0.048153287711853156,-0.04921241794998713,-0.009640260667799735,-0.0010591302381339762,0.038513027044053426,1.0,1.0,1.0,136.0,D-post-hoc-diagnostic
replication-set,own-domain,0.01,dnotua,6,-0.011639373129072034,0.0005282620179609086,-0.011111111111111127,0.004101367611668718,-0.03184099313259376,0.015212478722779846,-0.020729882021482637,2.8333333333333335,0.3333333333333333,0.8033527570750495,106.5,D-post-hoc-diagnostic
replication-set,own-domain,0.01,domob,7,-0.010990510425894886,0.028977438928787895,0.01798692850289301,0.03135384367083921,0.020097066604419542,0.013366915167946197,0.0021101381015265325,1.4285714285714286,0.7142857142857143,0.9716580846309429,80.85714285714286,D-post-hoc-diagnostic
replication-set,own-domain,0.01,inmobi,9,0.03193970605982946,0.1584286305936668,0.19036833665349628,0.15477052365676114,0.14580786147040292,-0.03559781299673512,-0.044560475183093376,2.0,0.6666666666666666,0.8655308603546015,53.888888888888886,D-post-hoc-diagnostic
replication-set,own-domain,0.01,kuguo,10,-0.03144837478262251,0.024759658477551093,-0.0066887163050714194,0.004200595831771766,0.013593934065782192,0.010889312136843184,0.020282650370853614,1.8,1.3,0.9208569439076241,801.3,D-post-hoc-diagnostic
replication-set,own-domain,0.01,smsreg,8,-0.03877092043033536,0.014829600483520722,-0.023941319946814636,-0.00023154064114414355,0.05965089170874253,0.023709779305670496,0.08359221165555716,2.875,1.5,0.7458101162771059,281.125,D-post-hoc-diagnostic
replication-set,own-domain,0.01,utchi,10,0.0,0.0,0.0,0.0,0.0,0.0,0.0,1.0,1.0,1.0,51.8,D-post-hoc-diagnostic
replication-set,own-domain,0.01,youmi,10,-0.0030149005164877445,0.010979667240544357,0.007964766724056613,0.015045632718226542,0.02921231767574147,0.00708086599416993,0.02124755095168486,2.6,1.2,0.9172296064615413,162.2,D-post-hoc-diagnostic
replication-set,own-domain,0.05,dnotua,6,-0.010332183586588356,0.005702553956958715,-0.004629629629629641,-0.005291424546575112,-0.021306827009726238,-0.0006617949169454712,-0.016677197380096598,2.8333333333333335,0.3333333333333333,0.8033527570750495,106.5,D-post-hoc-diagnostic
replication-set,own-domain,0.05,domob,7,0.004021558486684991,0.046364632043066165,0.050386190529751164,0.07911263728411042,-0.005508254702481563,0.02872644675435925,-0.05589444523223273,1.4285714285714286,0.7142857142857143,0.9716580846309429,80.85714285714286,D-post-hoc-diagnostic
replication-set,own-domain,0.05,inmobi,9,0.020814145064313703,0.14761097056644112,0.16842511563075485,0.1547794447646967,0.15792301638122191,-0.01364567086605815,-0.01050209924953293,2.0,0.6666666666666666,0.8655308603546015,53.888888888888886,D-post-hoc-diagnostic
replication-set,own-domain,0.05,kuguo,10,-0.031654151551898324,0.0010178623439389745,-0.030636289207959348,-0.020111282541671393,0.043734710754599164,0.010525006666287955,0.07437099996255851,1.8,1.3,0.9208569439076241,801.3,D-post-hoc-diagnostic
replication-set,own-domain,0.05,smsreg,8,-0.08714513284526465,0.08856591524251138,0.0014207823972467414,0.014236914222059284,0.06953105995341372,0.012816131824812543,0.06811027755616698,2.875,1.5,0.7458101162771059,281.125,D-post-hoc-diagnostic
replication-set,own-domain,0.05,utchi,10,0.0,0.021296296296296296,0.021296296296296296,0.0,0.4849870510351545,-0.021296296296296296,0.4636907547388581,1.0,1.0,1.0,51.8,D-post-hoc-diagnostic
replication-set,own-domain,0.05,youmi,10,-0.027303071242951994,0.06692945531581751,0.039626384072865506,0.04772587859828195,0.04810499110924711,0.008099494525416445,0.008478607036381603,2.6,1.2,0.9172296064615413,162.2,D-post-hoc-diagnostic
replication-set,own-domain,0.1,dnotua,6,0.006598614089058763,-0.01056644880174292,-0.0039678347126841556,0.004893760638610069,0.012037037037037021,0.008861595351294225,0.016004871749721178,2.8333333333333335,0.3333333333333333,0.8033527570750495,106.5,D-post-hoc-diagnostic
replication-set,own-domain,0.1,domob,7,0.019273302747227557,0.11571925958388832,0.13499256233111587,0.11171528860020397,0.08402208897038463,-0.023277273730911912,-0.050970473360731246,1.4285714285714286,0.7142857142857143,0.9716580846309429,80.85714285714286,D-post-hoc-diagnostic
replication-set,own-domain,0.1,inmobi,9,-0.00560958170946688,0.13085322915377678,0.12524364744430988,0.15267257603506235,0.09772710747225972,0.027428928590752435,-0.02751653997205017,2.0,0.6666666666666666,0.8655308603546015,53.888888888888886,D-post-hoc-diagnostic
replication-set,own-domain,0.1,kuguo,10,-0.02166329808913,0.003312721168199173,-0.01835057692093083,-0.02174842290734976,0.029860850736625533,-0.003397845986418935,0.04821142765755636,1.8,1.3,0.9208569439076241,801.3,D-post-hoc-diagnostic
replication-set,own-domain,0.1,smsreg,8,-0.03551311533293275,0.07737890929278263,0.04186579395984987,0.013831023654460727,0.06622982743050544,-0.028034770305389145,0.02436403347065557,2.875,1.5,0.7458101162771059,281.125,D-post-hoc-diagnostic
replication-set,own-domain,0.1,utchi,10,-0.018924302788844622,0.5039113538239991,0.4849870510351545,0.6224870510351546,0.6397574912635432,0.1375,0.15477044022838868,1.0,1.0,1.0,51.8,D-post-hoc-diagnostic
replication-set,own-domain,0.1,youmi,10,-0.01576165113455209,0.07585152326020408,0.06008987212565199,0.07148780020014438,0.09843872647185868,0.011397928074492391,0.0383488543462067,2.6,1.2,0.9172296064615413,162.2,D-post-hoc-diagnostic
