experiment,seed,alpha,validation_detail,max_learner,max_condition,macro_fpr,macro_deviation,client,client_learner,client_condition,client_fpr,hits,trials,evidence_class
exact-effective-dose-primary,317,0.05,max |realised FPR - alpha| = 0.02590606192974408,central,exact-dose,0.07590606192974408,0.02590606192974408,anzhi,central,exact-dose,0.12177903282739146,345,2833,D-post-hoc-diagnostic
exact-effective-dose-primary,317,0.05,max |realised FPR - alpha| = 0.02590606192974408,central,exact-dose,0.07590606192974408,0.02590606192974408,appchina,central,exact-dose,0.08044112877067791,248,3083,D-post-hoc-diagnostic
exact-effective-dose-primary,317,0.05,max |realised FPR - alpha| = 0.02590606192974408,central,exact-dose,0.07590606192974408,0.02590606192974408,play-early,fedavg,exact-dose,0.056922511935365405,2790,49014,D-post-hoc-diagnostic
exact-effective-dose-primary,317,0.05,max |realised FPR - alpha| = 0.02590606192974408,central,exact-dose,0.07590606192974408,0.02590606192974408,play-late,central,exact-dose,0.0563107720127532,3550,63043,D-post-hoc-diagnostic
representation-r0,333,0.05,max |realised FPR - alpha| = 0.025711781412993656,central,family-absent-everywhere,0.07571178141299366,0.025711781412993656,anzhi,central,family-absent-everywhere,0.14784506273867976,271,1833,D-post-hoc-diagnostic
representation-r0,333,0.05,max |realised FPR - alpha| = 0.025711781412993656,central,family-absent-everywhere,0.07571178141299366,0.025711781412993656,appchina,fedavg,full-exposure,0.06939759036144579,144,2075,D-post-hoc-diagnostic
representation-r0,333,0.05,max |realised FPR - alpha| = 0.025711781412993656,central,family-absent-everywhere,0.07571178141299366,0.025711781412993656,play-early,fedavg,full-exposure,0.05431697126271808,1703,31353,D-post-hoc-diagnostic
representation-r0,333,0.05,max |realised FPR - alpha| = 0.025711781412993656,central,family-absent-everywhere,0.07571178141299366,0.025711781412993656,play-late,fedavg,full-exposure,0.05044429873154408,2231,44227,D-post-hoc-diagnostic
representation-r1,333,0.05,max |realised FPR - alpha| = 0.023261875474209173,central,family-absent-everywhere,0.07326187547420918,0.023261875474209173,anzhi,central,family-absent-everywhere,0.1314784506273868,241,1833,D-post-hoc-diagnostic
representation-r1,333,0.05,max |realised FPR - alpha| = 0.023261875474209173,central,family-absent-everywhere,0.07326187547420918,0.023261875474209173,appchina,central,full-exposure,0.07325301204819278,152,2075,D-post-hoc-diagnostic
representation-r1,333,0.05,max |realised FPR - alpha| = 0.023261875474209173,central,family-absent-everywhere,0.07326187547420918,0.023261875474209173,play-early,fedavg,family-absent-everywhere,0.05313686090645233,1666,31353,D-post-hoc-diagnostic
representation-r1,333,0.05,max |realised FPR - alpha| = 0.023261875474209173,central,family-absent-everywhere,0.07326187547420918,0.023261875474209173,play-late,central,family-absent-everywhere,0.05087390055848238,2250,44227,D-post-hoc-diagnostic
representation-r2,334,0.05,max |realised FPR - alpha| = 0.02567412872300985,central,peer-present,0.07567412872300985,0.02567412872300985,anzhi,central,peer-present,0.15321100917431194,334,2180,D-post-hoc-diagnostic
representation-r2,334,0.05,max |realised FPR - alpha| = 0.02567412872300985,central,peer-present,0.07567412872300985,0.02567412872300985,appchina,fedavg,peer-present,0.06348400203148806,125,1969,D-post-hoc-diagnostic
representation-r2,334,0.05,max |realised FPR - alpha| = 0.02567412872300985,central,peer-present,0.07567412872300985,0.02567412872300985,play-late,central,family-absent-everywhere,0.05882892594206555,2565,43601,D-post-hoc-diagnostic
representation-r2,334,0.05,max |realised FPR - alpha| = 0.02567412872300985,central,peer-present,0.07567412872300985,0.02567412872300985,play-early,central,full-exposure,0.05024872489137964,1596,31762,D-post-hoc-diagnostic
