representation,seed,arm,n_scores,nonfinite,min,max,abs_gt_1e3,abs_gt_1e4,evidence_class
lamda-static,330,central__family-absent-everywhere__dose-all,224980,0,-98.91073608398438,45.61778259277344,0,0,D-post-hoc-diagnostic
lamda-static,330,central__full-exposure__dose-all,224980,0,-114.69723510742188,47.090904235839844,0,0,D-post-hoc-diagnostic
lamda-static,330,central__peer-present__dose-all,224980,0,-110.1859130859375,44.2099609375,0,0,D-post-hoc-diagnostic
lamda-static,330,fedavg__family-absent-everywhere__dose-all,224980,0,-129.75929260253906,81.9063720703125,0,0,D-post-hoc-diagnostic
lamda-static,330,fedavg__full-exposure__dose-all,224980,0,-144.43341064453125,86.4698257446289,0,0,D-post-hoc-diagnostic
lamda-static,330,fedavg__peer-present__dose-all,224980,0,-143.7811279296875,82.27112579345703,0,0,D-post-hoc-diagnostic
lamda-static,330,local__peer-present__dose-all,224980,0,-27.915306091308594,23.50100326538086,0,0,D-post-hoc-diagnostic
lamda-static,331,central__family-absent-everywhere__dose-all,228027,0,-131.0404815673828,43.07638931274414,0,0,D-post-hoc-diagnostic
lamda-static,331,central__full-exposure__dose-all,228027,0,-122.67042541503906,41.03900146484375,0,0,D-post-hoc-diagnostic
lamda-static,331,central__peer-present__dose-all,228027,0,-119.41683197021484,44.92979049682617,0,0,D-post-hoc-diagnostic
lamda-static,331,fedavg__family-absent-everywhere__dose-all,228027,0,-134.26739501953125,72.12181854248047,0,0,D-post-hoc-diagnostic
lamda-static,331,fedavg__full-exposure__dose-all,228027,0,-142.3848876953125,76.7062759399414,0,0,D-post-hoc-diagnostic
lamda-static,331,fedavg__peer-present__dose-all,228027,0,-143.70413208007812,75.98309326171875,0,0,D-post-hoc-diagnostic
lamda-static,331,local__peer-present__dose-all,228027,0,-25.73978614807129,22.627716064453125,0,0,D-post-hoc-diagnostic
lamda-static,332,central__family-absent-everywhere__dose-all,224773,0,-74.46501159667969,67.09979248046875,0,0,D-post-hoc-diagnostic
lamda-static,332,central__full-exposure__dose-all,224773,0,-67.8139419555664,61.27238845825195,0,0,D-post-hoc-diagnostic
lamda-static,332,central__peer-present__dose-all,224773,0,-67.38819122314453,59.26625442504883,0,0,D-post-hoc-diagnostic
lamda-static,332,fedavg__family-absent-everywhere__dose-all,224773,0,-71.00733184814453,85.68989562988281,0,0,D-post-hoc-diagnostic
lamda-static,332,fedavg__full-exposure__dose-all,224773,0,-73.51549530029297,87.49210357666016,0,0,D-post-hoc-diagnostic
lamda-static,332,fedavg__peer-present__dose-all,224773,0,-77.68604278564453,81.26374053955078,0,0,D-post-hoc-diagnostic
lamda-static,332,local__peer-present__dose-all,224773,0,-21.605920791625977,28.02890968322754,0,0,D-post-hoc-diagnostic
lamda-static,333,central__family-absent-everywhere__dose-all,226664,0,-101.52118682861328,74.62858581542969,0,0,D-post-hoc-diagnostic
lamda-static,333,central__full-exposure__dose-all,226664,0,-100.13705444335938,67.03263854980469,0,0,D-post-hoc-diagnostic
lamda-static,333,central__peer-present__dose-all,226664,0,-98.30247497558594,73.28083801269531,0,0,D-post-hoc-diagnostic
lamda-static,333,fedavg__family-absent-everywhere__dose-all,226664,0,-92.12037658691406,72.61854553222656,0,0,D-post-hoc-diagnostic
lamda-static,333,fedavg__full-exposure__dose-all,226664,0,-99.29810333251953,77.98873138427734,0,0,D-post-hoc-diagnostic
lamda-static,333,fedavg__peer-present__dose-all,226664,0,-109.30519104003906,80.80738067626953,0,0,D-post-hoc-diagnostic
lamda-static,333,local__peer-present__dose-all,226664,0,-24.99872398376465,28.08953094482422,0,0,D-post-hoc-diagnostic
lamda-static,334,central__family-absent-everywhere__dose-all,227692,0,-81.91172790527344,41.268157958984375,0,0,D-post-hoc-diagnostic
lamda-static,334,central__full-exposure__dose-all,227692,0,-85.0670394897461,50.69532775878906,0,0,D-post-hoc-diagnostic
lamda-static,334,central__peer-present__dose-all,227692,0,-85.43778991699219,48.57987976074219,0,0,D-post-hoc-diagnostic
lamda-static,334,fedavg__family-absent-everywhere__dose-all,227692,0,-103.21690368652344,70.91901397705078,0,0,D-post-hoc-diagnostic
lamda-static,334,fedavg__full-exposure__dose-all,227692,0,-111.96267700195312,86.08921813964844,0,0,D-post-hoc-diagnostic
lamda-static,334,fedavg__peer-present__dose-all,227692,0,-105.64039611816406,86.22654724121094,0,0,D-post-hoc-diagnostic
lamda-static,334,local__peer-present__dose-all,227692,0,-32.31652069091797,28.05440330505371,0,0,D-post-hoc-diagnostic
lamda-static,335,central__family-absent-everywhere__dose-all,227945,0,-81.39998626708984,39.14468002319336,0,0,D-post-hoc-diagnostic
lamda-static,335,central__full-exposure__dose-all,227945,0,-79.6501235961914,49.566925048828125,0,0,D-post-hoc-diagnostic
lamda-static,335,central__peer-present__dose-all,227945,0,-78.4297866821289,42.809452056884766,0,0,D-post-hoc-diagnostic
lamda-static,335,fedavg__family-absent-everywhere__dose-all,227945,0,-85.82177734375,58.94050216674805,0,0,D-post-hoc-diagnostic
lamda-static,335,fedavg__full-exposure__dose-all,227945,0,-86.91326904296875,63.82744216918945,0,0,D-post-hoc-diagnostic
lamda-static,335,fedavg__peer-present__dose-all,227945,0,-80.95555114746094,65.4683837890625,0,0,D-post-hoc-diagnostic
lamda-static,335,local__peer-present__dose-all,227945,0,-21.828996658325195,24.816810607910156,0,0,D-post-hoc-diagnostic
lamda-static,336,central__family-absent-everywhere__dose-all,227875,0,-111.14082336425781,34.45787048339844,0,0,D-post-hoc-diagnostic
lamda-static,336,central__full-exposure__dose-all,227875,0,-106.1196060180664,36.48860549926758,0,0,D-post-hoc-diagnostic
lamda-static,336,central__peer-present__dose-all,227875,0,-114.99297332763672,38.0726432800293,0,0,D-post-hoc-diagnostic
lamda-static,336,fedavg__family-absent-everywhere__dose-all,227875,0,-110.17724609375,73.16256713867188,0,0,D-post-hoc-diagnostic
lamda-static,336,fedavg__full-exposure__dose-all,227875,0,-123.0328140258789,79.26860809326172,0,0,D-post-hoc-diagnostic
lamda-static,336,fedavg__peer-present__dose-all,227875,0,-128.76626586914062,83.52500915527344,0,0,D-post-hoc-diagnostic
lamda-static,336,local__peer-present__dose-all,227875,0,-31.47555160522461,28.201988220214844,0,0,D-post-hoc-diagnostic
lamda-static,337,central__family-absent-everywhere__dose-all,226129,0,-110.18597412109375,59.739402770996094,0,0,D-post-hoc-diagnostic
lamda-static,337,central__full-exposure__dose-all,226129,0,-95.26937103271484,57.65842056274414,0,0,D-post-hoc-diagnostic
lamda-static,337,central__peer-present__dose-all,226129,0,-86.75161743164062,54.311805725097656,0,0,D-post-hoc-diagnostic
lamda-static,337,fedavg__family-absent-everywhere__dose-all,226129,0,-84.52587890625,67.43064880371094,0,0,D-post-hoc-diagnostic
lamda-static,337,fedavg__full-exposure__dose-all,226129,0,-98.43707275390625,66.58741760253906,0,0,D-post-hoc-diagnostic
lamda-static,337,fedavg__peer-present__dose-all,226129,0,-97.72312927246094,67.15153503417969,0,0,D-post-hoc-diagnostic
lamda-static,337,local__peer-present__dose-all,226129,0,-28.647979736328125,22.837831497192383,0,0,D-post-hoc-diagnostic
lamda-static,338,central__family-absent-everywhere__dose-all,227174,0,-108.40711212158203,44.33610153198242,0,0,D-post-hoc-diagnostic
lamda-static,338,central__full-exposure__dose-all,227174,0,-106.33765411376953,44.86744689941406,0,0,D-post-hoc-diagnostic
lamda-static,338,central__peer-present__dose-all,227174,0,-115.21168518066406,44.786781311035156,0,0,D-post-hoc-diagnostic
lamda-static,338,fedavg__family-absent-everywhere__dose-all,227174,0,-113.25593566894531,66.41514587402344,0,0,D-post-hoc-diagnostic
lamda-static,338,fedavg__full-exposure__dose-all,227174,0,-116.82949829101562,68.14706420898438,0,0,D-post-hoc-diagnostic
lamda-static,338,fedavg__peer-present__dose-all,227174,0,-117.90409088134766,63.99211120605469,0,0,D-post-hoc-diagnostic
lamda-static,338,local__peer-present__dose-all,227174,0,-31.072111129760742,20.083274841308594,0,0,D-post-hoc-diagnostic
lamda-static,339,central__family-absent-everywhere__dose-all,207470,0,-94.65707397460938,46.118595123291016,0,0,D-post-hoc-diagnostic
lamda-static,339,central__full-exposure__dose-all,207470,0,-86.70813751220703,45.03615188598633,0,0,D-post-hoc-diagnostic
lamda-static,339,central__peer-present__dose-all,207470,0,-95.24844360351562,45.6093864440918,0,0,D-post-hoc-diagnostic
lamda-static,339,fedavg__family-absent-everywhere__dose-all,207470,0,-96.51171112060547,75.49314880371094,0,0,D-post-hoc-diagnostic
lamda-static,339,fedavg__full-exposure__dose-all,207470,0,-101.99295043945312,74.6171875,0,0,D-post-hoc-diagnostic
lamda-static,339,fedavg__peer-present__dose-all,207470,0,-102.25209045410156,71.62904357910156,0,0,D-post-hoc-diagnostic
lamda-static,339,local__peer-present__dose-all,207470,0,-23.98796272277832,23.889677047729492,0,0,D-post-hoc-diagnostic
mcndroid-static,330,central__family-absent-everywhere__dose-all,224980,0,-98.95897674560547,105.53365325927734,0,0,D-post-hoc-diagnostic
mcndroid-static,330,central__full-exposure__dose-all,224980,0,-91.0639419555664,121.8325424194336,0,0,D-post-hoc-diagnostic
mcndroid-static,330,central__peer-present__dose-all,224980,0,-97.23051452636719,113.37476348876953,0,0,D-post-hoc-diagnostic
mcndroid-static,330,fedavg__family-absent-everywhere__dose-all,224980,0,-93.9314193725586,207.10353088378906,0,0,D-post-hoc-diagnostic
mcndroid-static,330,fedavg__full-exposure__dose-all,224980,0,-92.26606750488281,217.70352172851562,0,0,D-post-hoc-diagnostic
mcndroid-static,330,fedavg__peer-present__dose-all,224980,0,-96.43363952636719,247.56686401367188,0,0,D-post-hoc-diagnostic
mcndroid-static,330,local__peer-present__dose-all,224980,0,-28.94690704345703,55.69425582885742,0,0,D-post-hoc-diagnostic
mcndroid-static,331,central__family-absent-everywhere__dose-all,228027,0,-90.76053619384766,104.125244140625,0,0,D-post-hoc-diagnostic
mcndroid-static,331,central__full-exposure__dose-all,228027,0,-69.46269989013672,149.39341735839844,0,0,D-post-hoc-diagnostic
mcndroid-static,331,central__peer-present__dose-all,228027,0,-81.31980895996094,136.93666076660156,0,0,D-post-hoc-diagnostic
mcndroid-static,331,fedavg__family-absent-everywhere__dose-all,228027,0,-88.98548126220703,165.23997497558594,0,0,D-post-hoc-diagnostic
mcndroid-static,331,fedavg__full-exposure__dose-all,228027,0,-88.31836700439453,195.56797790527344,0,0,D-post-hoc-diagnostic
mcndroid-static,331,fedavg__peer-present__dose-all,228027,0,-89.62157440185547,190.22360229492188,0,0,D-post-hoc-diagnostic
mcndroid-static,331,local__peer-present__dose-all,228027,0,-30.036792755126953,51.70540237426758,0,0,D-post-hoc-diagnostic
mcndroid-static,332,central__family-absent-everywhere__dose-all,224773,0,-71.39069366455078,125.4135971069336,0,0,D-post-hoc-diagnostic
mcndroid-static,332,central__full-exposure__dose-all,224773,0,-44.4849739074707,138.07652282714844,0,0,D-post-hoc-diagnostic
mcndroid-static,332,central__peer-present__dose-all,224773,0,-48.69763946533203,132.24708557128906,0,0,D-post-hoc-diagnostic
mcndroid-static,332,fedavg__family-absent-everywhere__dose-all,224773,0,-81.05595397949219,152.87106323242188,0,0,D-post-hoc-diagnostic
mcndroid-static,332,fedavg__full-exposure__dose-all,224773,0,-70.8589859008789,151.66162109375,0,0,D-post-hoc-diagnostic
mcndroid-static,332,fedavg__peer-present__dose-all,224773,0,-80.8093032836914,164.7554168701172,0,0,D-post-hoc-diagnostic
mcndroid-static,332,local__peer-present__dose-all,224773,0,-33.29304504394531,68.43013763427734,0,0,D-post-hoc-diagnostic
mcndroid-static,333,central__family-absent-everywhere__dose-all,226664,0,-117.36669158935547,88.89832305908203,0,0,D-post-hoc-diagnostic
mcndroid-static,333,central__full-exposure__dose-all,226664,0,-95.16999816894531,123.68040466308594,0,0,D-post-hoc-diagnostic
mcndroid-static,333,central__peer-present__dose-all,226664,0,-101.06846618652344,117.69738006591797,0,0,D-post-hoc-diagnostic
mcndroid-static,333,fedavg__family-absent-everywhere__dose-all,226664,0,-76.3208999633789,149.5042724609375,0,0,D-post-hoc-diagnostic
mcndroid-static,333,fedavg__full-exposure__dose-all,226664,0,-85.717041015625,175.5142822265625,0,0,D-post-hoc-diagnostic
mcndroid-static,333,fedavg__peer-present__dose-all,226664,0,-85.98561096191406,172.14736938476562,0,0,D-post-hoc-diagnostic
mcndroid-static,333,local__peer-present__dose-all,226664,0,-28.974271774291992,58.944828033447266,0,0,D-post-hoc-diagnostic
mcndroid-static,334,central__family-absent-everywhere__dose-all,227692,0,-83.09832763671875,77.74327087402344,0,0,D-post-hoc-diagnostic
mcndroid-static,334,central__full-exposure__dose-all,227692,0,-57.319698333740234,81.58744049072266,0,0,D-post-hoc-diagnostic
mcndroid-static,334,central__peer-present__dose-all,227692,0,-62.65779495239258,77.91183471679688,0,0,D-post-hoc-diagnostic
mcndroid-static,334,fedavg__family-absent-everywhere__dose-all,227692,0,-132.1325225830078,128.70924377441406,0,0,D-post-hoc-diagnostic
mcndroid-static,334,fedavg__full-exposure__dose-all,227692,0,-86.34143829345703,170.08009338378906,0,0,D-post-hoc-diagnostic
mcndroid-static,334,fedavg__peer-present__dose-all,227692,0,-91.56207275390625,157.8047637939453,0,0,D-post-hoc-diagnostic
mcndroid-static,334,local__peer-present__dose-all,227692,0,-27.267988204956055,42.057254791259766,0,0,D-post-hoc-diagnostic
mcndroid-static,335,central__family-absent-everywhere__dose-all,227945,0,-82.71635437011719,133.88525390625,0,0,D-post-hoc-diagnostic
mcndroid-static,335,central__full-exposure__dose-all,227945,0,-77.74311828613281,140.11688232421875,0,0,D-post-hoc-diagnostic
mcndroid-static,335,central__peer-present__dose-all,227945,0,-72.88257598876953,128.00942993164062,0,0,D-post-hoc-diagnostic
mcndroid-static,335,fedavg__family-absent-everywhere__dose-all,227945,0,-98.59850311279297,183.189453125,0,0,D-post-hoc-diagnostic
mcndroid-static,335,fedavg__full-exposure__dose-all,227945,0,-100.63529205322266,183.08230590820312,0,0,D-post-hoc-diagnostic
mcndroid-static,335,fedavg__peer-present__dose-all,227945,0,-98.25019073486328,185.72787475585938,0,0,D-post-hoc-diagnostic
mcndroid-static,335,local__peer-present__dose-all,227945,0,-29.784461975097656,45.101654052734375,0,0,D-post-hoc-diagnostic
mcndroid-static,336,central__family-absent-everywhere__dose-all,227875,0,-64.82929992675781,92.13442993164062,0,0,D-post-hoc-diagnostic
mcndroid-static,336,central__full-exposure__dose-all,227875,0,-71.58409118652344,100.59288024902344,0,0,D-post-hoc-diagnostic
mcndroid-static,336,central__peer-present__dose-all,227875,0,-68.44730377197266,88.98237609863281,0,0,D-post-hoc-diagnostic
mcndroid-static,336,fedavg__family-absent-everywhere__dose-all,227875,0,-62.941078186035156,128.93795776367188,0,0,D-post-hoc-diagnostic
mcndroid-static,336,fedavg__full-exposure__dose-all,227875,0,-66.99922943115234,154.01849365234375,0,0,D-post-hoc-diagnostic
mcndroid-static,336,fedavg__peer-present__dose-all,227875,0,-67.8149185180664,137.7017822265625,0,0,D-post-hoc-diagnostic
mcndroid-static,336,local__peer-present__dose-all,227875,0,-27.881494522094727,44.938812255859375,0,0,D-post-hoc-diagnostic
mcndroid-static,337,central__family-absent-everywhere__dose-all,226129,0,-98.16341400146484,140.80039978027344,0,0,D-post-hoc-diagnostic
mcndroid-static,337,central__full-exposure__dose-all,226129,0,-62.93852233886719,145.00401306152344,0,0,D-post-hoc-diagnostic
mcndroid-static,337,central__peer-present__dose-all,226129,0,-69.75159454345703,145.41390991210938,0,0,D-post-hoc-diagnostic
mcndroid-static,337,fedavg__family-absent-everywhere__dose-all,226129,0,-91.6188735961914,189.16065979003906,0,0,D-post-hoc-diagnostic
mcndroid-static,337,fedavg__full-exposure__dose-all,226129,0,-60.31077194213867,186.00259399414062,0,0,D-post-hoc-diagnostic
mcndroid-static,337,fedavg__peer-present__dose-all,226129,0,-62.09546661376953,180.4247589111328,0,0,D-post-hoc-diagnostic
mcndroid-static,337,local__peer-present__dose-all,226129,0,-29.43124771118164,42.2872200012207,0,0,D-post-hoc-diagnostic
mcndroid-static,338,central__family-absent-everywhere__dose-all,227174,0,-110.43241882324219,113.20709228515625,0,0,D-post-hoc-diagnostic
mcndroid-static,338,central__full-exposure__dose-all,227174,0,-82.47625732421875,123.61478424072266,0,0,D-post-hoc-diagnostic
mcndroid-static,338,central__peer-present__dose-all,227174,0,-88.39759826660156,138.62051391601562,0,0,D-post-hoc-diagnostic
mcndroid-static,338,fedavg__family-absent-everywhere__dose-all,227174,0,-109.34297943115234,225.4995880126953,0,0,D-post-hoc-diagnostic
mcndroid-static,338,fedavg__full-exposure__dose-all,227174,0,-112.41246032714844,230.5386962890625,0,0,D-post-hoc-diagnostic
mcndroid-static,338,fedavg__peer-present__dose-all,227174,0,-118.21417236328125,228.9764862060547,0,0,D-post-hoc-diagnostic
mcndroid-static,338,local__peer-present__dose-all,227174,0,-28.14289093017578,47.985809326171875,0,0,D-post-hoc-diagnostic
mcndroid-static,339,central__family-absent-everywhere__dose-all,207470,0,-125.90518188476562,113.23938751220703,0,0,D-post-hoc-diagnostic
mcndroid-static,339,central__full-exposure__dose-all,207470,0,-86.07085418701172,122.92205047607422,0,0,D-post-hoc-diagnostic
mcndroid-static,339,central__peer-present__dose-all,207470,0,-71.39712524414062,122.44570922851562,0,0,D-post-hoc-diagnostic
mcndroid-static,339,fedavg__family-absent-everywhere__dose-all,207470,0,-97.07817840576172,223.42373657226562,0,0,D-post-hoc-diagnostic
mcndroid-static,339,fedavg__full-exposure__dose-all,207470,0,-83.90447235107422,212.74154663085938,0,0,D-post-hoc-diagnostic
mcndroid-static,339,fedavg__peer-present__dose-all,207470,0,-87.82894897460938,223.8243865966797,0,0,D-post-hoc-diagnostic
mcndroid-static,339,local__peer-present__dose-all,207470,0,-32.45343017578125,54.04038619995117,0,0,D-post-hoc-diagnostic
call-graph,330,central__family-absent-everywhere__dose-all,224980,0,-141.5529327392578,41.4332389831543,0,0,D-post-hoc-diagnostic
call-graph,330,central__full-exposure__dose-all,224980,0,-115.24518585205078,45.0525016784668,0,0,D-post-hoc-diagnostic
call-graph,330,central__peer-present__dose-all,224980,0,-119.92432403564453,44.04301071166992,0,0,D-post-hoc-diagnostic
call-graph,330,fedavg__family-absent-everywhere__dose-all,224980,0,-99.25485229492188,38.13785171508789,0,0,D-post-hoc-diagnostic
call-graph,330,fedavg__full-exposure__dose-all,224980,0,-101.91773986816406,36.082237243652344,0,0,D-post-hoc-diagnostic
call-graph,330,fedavg__peer-present__dose-all,224980,0,-109.98580932617188,38.34500503540039,0,0,D-post-hoc-diagnostic
call-graph,330,local__peer-present__dose-all,224980,0,-72.9337158203125,21.880477905273438,0,0,D-post-hoc-diagnostic
call-graph,331,central__family-absent-everywhere__dose-all,228027,0,-151.8236846923828,50.00594711303711,0,0,D-post-hoc-diagnostic
call-graph,331,central__full-exposure__dose-all,228027,0,-154.61505126953125,39.47396469116211,0,0,D-post-hoc-diagnostic
call-graph,331,central__peer-present__dose-all,228027,0,-161.07601928710938,43.33214569091797,0,0,D-post-hoc-diagnostic
call-graph,331,fedavg__family-absent-everywhere__dose-all,228027,0,-120.50537109375,37.202354431152344,0,0,D-post-hoc-diagnostic
call-graph,331,fedavg__full-exposure__dose-all,228027,0,-118.37870788574219,37.85911560058594,0,0,D-post-hoc-diagnostic
call-graph,331,fedavg__peer-present__dose-all,228027,0,-94.75358581542969,46.29494857788086,0,0,D-post-hoc-diagnostic
call-graph,331,local__peer-present__dose-all,228027,0,-89.76045227050781,30.506454467773438,0,0,D-post-hoc-diagnostic
call-graph,332,central__family-absent-everywhere__dose-all,224773,0,-139.1412811279297,37.3409423828125,0,0,D-post-hoc-diagnostic
call-graph,332,central__full-exposure__dose-all,224773,0,-133.3992919921875,49.34321212768555,0,0,D-post-hoc-diagnostic
call-graph,332,central__peer-present__dose-all,224773,0,-148.70225524902344,44.297210693359375,0,0,D-post-hoc-diagnostic
call-graph,332,fedavg__family-absent-everywhere__dose-all,224773,0,-105.34556579589844,32.22620391845703,0,0,D-post-hoc-diagnostic
call-graph,332,fedavg__full-exposure__dose-all,224773,0,-104.3132553100586,38.12308883666992,0,0,D-post-hoc-diagnostic
call-graph,332,fedavg__peer-present__dose-all,224773,0,-111.6004409790039,34.97462844848633,0,0,D-post-hoc-diagnostic
call-graph,332,local__peer-present__dose-all,224773,0,-89.64873504638672,23.36726951599121,0,0,D-post-hoc-diagnostic
call-graph,333,central__family-absent-everywhere__dose-all,226664,0,-122.08992004394531,36.006561279296875,0,0,D-post-hoc-diagnostic
call-graph,333,central__full-exposure__dose-all,226664,0,-126.39952850341797,38.155094146728516,0,0,D-post-hoc-diagnostic
call-graph,333,central__peer-present__dose-all,226664,0,-129.3240203857422,40.87378692626953,0,0,D-post-hoc-diagnostic
call-graph,333,fedavg__family-absent-everywhere__dose-all,226664,0,-104.31964874267578,46.13787078857422,0,0,D-post-hoc-diagnostic
call-graph,333,fedavg__full-exposure__dose-all,226664,0,-88.3966293334961,49.28549575805664,0,0,D-post-hoc-diagnostic
call-graph,333,fedavg__peer-present__dose-all,226664,0,-101.04638671875,45.535072326660156,0,0,D-post-hoc-diagnostic
call-graph,333,local__peer-present__dose-all,226664,0,-80.75444793701172,36.52101135253906,0,0,D-post-hoc-diagnostic
call-graph,334,central__family-absent-everywhere__dose-all,227692,0,-157.3325653076172,40.52134704589844,0,0,D-post-hoc-diagnostic
call-graph,334,central__full-exposure__dose-all,227692,0,-86.99325561523438,42.62327575683594,0,0,D-post-hoc-diagnostic
call-graph,334,central__peer-present__dose-all,227692,0,-111.95142364501953,48.49465560913086,0,0,D-post-hoc-diagnostic
call-graph,334,fedavg__family-absent-everywhere__dose-all,227692,0,-90.93739318847656,35.6739387512207,0,0,D-post-hoc-diagnostic
call-graph,334,fedavg__full-exposure__dose-all,227692,0,-79.84854125976562,28.70502471923828,0,0,D-post-hoc-diagnostic
call-graph,334,fedavg__peer-present__dose-all,227692,0,-70.58222198486328,40.72346496582031,0,0,D-post-hoc-diagnostic
call-graph,334,local__peer-present__dose-all,227692,0,-52.57768630981445,32.11075210571289,0,0,D-post-hoc-diagnostic
call-graph,335,central__family-absent-everywhere__dose-all,227945,0,-80.8244400024414,38.246925354003906,0,0,D-post-hoc-diagnostic
call-graph,335,central__full-exposure__dose-all,227945,0,-76.5811996459961,37.425209045410156,0,0,D-post-hoc-diagnostic
call-graph,335,central__peer-present__dose-all,227945,0,-106.40131378173828,39.316810607910156,0,0,D-post-hoc-diagnostic
call-graph,335,fedavg__family-absent-everywhere__dose-all,227945,0,-87.20059967041016,29.966306686401367,0,0,D-post-hoc-diagnostic
call-graph,335,fedavg__full-exposure__dose-all,227945,0,-92.67342376708984,44.16020202636719,0,0,D-post-hoc-diagnostic
call-graph,335,fedavg__peer-present__dose-all,227945,0,-93.50877380371094,32.85160827636719,0,0,D-post-hoc-diagnostic
call-graph,335,local__peer-present__dose-all,227945,0,-60.12841796875,30.576250076293945,0,0,D-post-hoc-diagnostic
call-graph,336,central__family-absent-everywhere__dose-all,227875,0,-154.61300659179688,52.80692672729492,0,0,D-post-hoc-diagnostic
call-graph,336,central__full-exposure__dose-all,227875,0,-146.14491271972656,56.700355529785156,0,0,D-post-hoc-diagnostic
call-graph,336,central__peer-present__dose-all,227875,0,-144.5164337158203,57.10097885131836,0,0,D-post-hoc-diagnostic
call-graph,336,fedavg__family-absent-everywhere__dose-all,227875,0,-89.62193298339844,37.03199768066406,0,0,D-post-hoc-diagnostic
call-graph,336,fedavg__full-exposure__dose-all,227875,0,-87.05046081542969,36.599185943603516,0,0,D-post-hoc-diagnostic
call-graph,336,fedavg__peer-present__dose-all,227875,0,-89.4151611328125,31.28199005126953,0,0,D-post-hoc-diagnostic
call-graph,336,local__peer-present__dose-all,227875,0,-69.34514617919922,27.403566360473633,0,0,D-post-hoc-diagnostic
call-graph,337,central__family-absent-everywhere__dose-all,226129,0,-102.64388275146484,35.38814163208008,0,0,D-post-hoc-diagnostic
call-graph,337,central__full-exposure__dose-all,226129,0,-108.06822967529297,44.15089416503906,0,0,D-post-hoc-diagnostic
call-graph,337,central__peer-present__dose-all,226129,0,-123.7632827758789,41.305904388427734,0,0,D-post-hoc-diagnostic
call-graph,337,fedavg__family-absent-everywhere__dose-all,226129,0,-85.27185821533203,29.03209686279297,0,0,D-post-hoc-diagnostic
call-graph,337,fedavg__full-exposure__dose-all,226129,0,-74.70732116699219,38.43767547607422,0,0,D-post-hoc-diagnostic
call-graph,337,fedavg__peer-present__dose-all,226129,0,-73.21121978759766,31.542102813720703,0,0,D-post-hoc-diagnostic
call-graph,337,local__peer-present__dose-all,226129,0,-63.88751220703125,27.869415283203125,0,0,D-post-hoc-diagnostic
call-graph,338,central__family-absent-everywhere__dose-all,227174,0,-155.7730255126953,33.260074615478516,0,0,D-post-hoc-diagnostic
call-graph,338,central__full-exposure__dose-all,227174,0,-101.84939575195312,49.65742874145508,0,0,D-post-hoc-diagnostic
call-graph,338,central__peer-present__dose-all,227174,0,-96.88636016845703,47.83739471435547,0,0,D-post-hoc-diagnostic
call-graph,338,fedavg__family-absent-everywhere__dose-all,227174,0,-104.05046844482422,35.47710418701172,0,0,D-post-hoc-diagnostic
call-graph,338,fedavg__full-exposure__dose-all,227174,0,-94.94573211669922,39.125335693359375,0,0,D-post-hoc-diagnostic
call-graph,338,fedavg__peer-present__dose-all,227174,0,-114.52880096435547,28.626874923706055,0,0,D-post-hoc-diagnostic
call-graph,338,local__peer-present__dose-all,227174,0,-60.52409744262695,28.238399505615234,0,0,D-post-hoc-diagnostic
call-graph,339,central__family-absent-everywhere__dose-all,207470,0,-142.39031982421875,40.4361457824707,0,0,D-post-hoc-diagnostic
call-graph,339,central__full-exposure__dose-all,207470,0,-121.14606475830078,44.53117752075195,0,0,D-post-hoc-diagnostic
call-graph,339,central__peer-present__dose-all,207470,0,-142.20948791503906,34.01438903808594,0,0,D-post-hoc-diagnostic
call-graph,339,fedavg__family-absent-everywhere__dose-all,207470,0,-96.3279037475586,43.31620788574219,0,0,D-post-hoc-diagnostic
call-graph,339,fedavg__full-exposure__dose-all,207470,0,-92.21023559570312,36.270118713378906,0,0,D-post-hoc-diagnostic
call-graph,339,fedavg__peer-present__dose-all,207470,0,-98.24949645996094,33.19605255126953,0,0,D-post-hoc-diagnostic
call-graph,339,local__peer-present__dose-all,207470,0,-50.78143310546875,24.44114875793457,0,0,D-post-hoc-diagnostic
report-json,330,central__family-absent-everywhere__dose-all,224980,0,-167.7267303466797,220.5533447265625,0,0,D-post-hoc-diagnostic
report-json,330,central__full-exposure__dose-all,224980,0,-170.22402954101562,225.8761444091797,0,0,D-post-hoc-diagnostic
report-json,330,central__peer-present__dose-all,224980,0,-139.93136596679688,254.36729431152344,0,0,D-post-hoc-diagnostic
report-json,330,fedavg__family-absent-everywhere__dose-all,224980,0,-103.5649642944336,237.27243041992188,0,0,D-post-hoc-diagnostic
report-json,330,fedavg__full-exposure__dose-all,224980,0,-103.76275634765625,166.25865173339844,0,0,D-post-hoc-diagnostic
report-json,330,fedavg__peer-present__dose-all,224980,0,-105.1463851928711,183.5859375,0,0,D-post-hoc-diagnostic
report-json,330,local__peer-present__dose-all,224980,0,-58.670257568359375,96.8359146118164,0,0,D-post-hoc-diagnostic
report-json,331,central__family-absent-everywhere__dose-all,228027,0,-202.21107482910156,244.69903564453125,0,0,D-post-hoc-diagnostic
report-json,331,central__full-exposure__dose-all,228027,0,-200.5504608154297,250.3732452392578,0,0,D-post-hoc-diagnostic
report-json,331,central__peer-present__dose-all,228027,0,-214.41156005859375,228.82115173339844,0,0,D-post-hoc-diagnostic
report-json,331,fedavg__family-absent-everywhere__dose-all,228027,0,-105.566162109375,206.85552978515625,0,0,D-post-hoc-diagnostic
report-json,331,fedavg__full-exposure__dose-all,228027,0,-126.09687042236328,233.79396057128906,0,0,D-post-hoc-diagnostic
report-json,331,fedavg__peer-present__dose-all,228027,0,-134.5147247314453,184.4897003173828,0,0,D-post-hoc-diagnostic
report-json,331,local__peer-present__dose-all,228027,0,-68.22620391845703,79.6362075805664,0,0,D-post-hoc-diagnostic
report-json,332,central__family-absent-everywhere__dose-all,224773,0,-152.8601531982422,247.53334045410156,0,0,D-post-hoc-diagnostic
report-json,332,central__full-exposure__dose-all,224773,0,-178.74227905273438,247.10292053222656,0,0,D-post-hoc-diagnostic
report-json,332,central__peer-present__dose-all,224773,0,-147.2873077392578,267.4915771484375,0,0,D-post-hoc-diagnostic
report-json,332,fedavg__family-absent-everywhere__dose-all,224773,0,-98.63252258300781,229.71913146972656,0,0,D-post-hoc-diagnostic
report-json,332,fedavg__full-exposure__dose-all,224773,0,-108.5020751953125,181.22447204589844,0,0,D-post-hoc-diagnostic
report-json,332,fedavg__peer-present__dose-all,224773,0,-100.66770935058594,232.2871551513672,0,0,D-post-hoc-diagnostic
report-json,332,local__peer-present__dose-all,224773,0,-60.473785400390625,91.73432922363281,0,0,D-post-hoc-diagnostic
report-json,333,central__family-absent-everywhere__dose-all,226664,0,-150.98870849609375,219.98709106445312,0,0,D-post-hoc-diagnostic
report-json,333,central__full-exposure__dose-all,226664,0,-147.849365234375,229.93408203125,0,0,D-post-hoc-diagnostic
report-json,333,central__peer-present__dose-all,226664,0,-143.29649353027344,207.18734741210938,0,0,D-post-hoc-diagnostic
report-json,333,fedavg__family-absent-everywhere__dose-all,226664,0,-97.93113708496094,223.1603240966797,0,0,D-post-hoc-diagnostic
report-json,333,fedavg__full-exposure__dose-all,226664,0,-81.28913879394531,229.05198669433594,0,0,D-post-hoc-diagnostic
report-json,333,fedavg__peer-present__dose-all,226664,0,-91.44770050048828,206.92005920410156,0,0,D-post-hoc-diagnostic
report-json,333,local__peer-present__dose-all,226664,0,-57.237152099609375,101.8938980102539,0,0,D-post-hoc-diagnostic
report-json,334,central__family-absent-everywhere__dose-all,227692,0,-155.15281677246094,198.8066864013672,0,0,D-post-hoc-diagnostic
report-json,334,central__full-exposure__dose-all,227692,0,-145.44483947753906,181.4762725830078,0,0,D-post-hoc-diagnostic
report-json,334,central__peer-present__dose-all,227692,0,-150.56393432617188,229.5374755859375,0,0,D-post-hoc-diagnostic
report-json,334,fedavg__family-absent-everywhere__dose-all,227692,0,-89.18089294433594,231.23495483398438,0,0,D-post-hoc-diagnostic
report-json,334,fedavg__full-exposure__dose-all,227692,0,-99.7972183227539,187.50436401367188,0,0,D-post-hoc-diagnostic
report-json,334,fedavg__peer-present__dose-all,227692,0,-104.11859130859375,209.78756713867188,0,0,D-post-hoc-diagnostic
report-json,334,local__peer-present__dose-all,227692,0,-63.890907287597656,87.25685119628906,0,0,D-post-hoc-diagnostic
report-json,335,central__family-absent-everywhere__dose-all,227945,0,-175.6867218017578,256.17510986328125,0,0,D-post-hoc-diagnostic
report-json,335,central__full-exposure__dose-all,227945,0,-145.8581085205078,244.9129180908203,0,0,D-post-hoc-diagnostic
report-json,335,central__peer-present__dose-all,227945,0,-125.69032287597656,237.29275512695312,0,0,D-post-hoc-diagnostic
report-json,335,fedavg__family-absent-everywhere__dose-all,227945,0,-108.38440704345703,217.97857666015625,0,0,D-post-hoc-diagnostic
report-json,335,fedavg__full-exposure__dose-all,227945,0,-104.60586547851562,229.43861389160156,0,0,D-post-hoc-diagnostic
report-json,335,fedavg__peer-present__dose-all,227945,0,-104.87908935546875,207.89964294433594,0,0,D-post-hoc-diagnostic
report-json,335,local__peer-present__dose-all,227945,0,-68.4299545288086,77.99593353271484,0,0,D-post-hoc-diagnostic
report-json,336,central__family-absent-everywhere__dose-all,227875,0,-149.13037109375,279.2411804199219,0,0,D-post-hoc-diagnostic
report-json,336,central__full-exposure__dose-all,227875,0,-167.14617919921875,203.74623107910156,0,0,D-post-hoc-diagnostic
report-json,336,central__peer-present__dose-all,227875,0,-195.02976989746094,241.0968017578125,0,0,D-post-hoc-diagnostic
report-json,336,fedavg__family-absent-everywhere__dose-all,227875,0,-107.38139343261719,204.62571716308594,0,0,D-post-hoc-diagnostic
report-json,336,fedavg__full-exposure__dose-all,227875,0,-123.3422622680664,210.08653259277344,0,0,D-post-hoc-diagnostic
report-json,336,fedavg__peer-present__dose-all,227875,0,-142.50204467773438,251.98214721679688,0,0,D-post-hoc-diagnostic
report-json,336,local__peer-present__dose-all,227875,0,-64.8160171508789,101.67208862304688,0,0,D-post-hoc-diagnostic
report-json,337,central__family-absent-everywhere__dose-all,226129,0,-145.05694580078125,218.92529296875,0,0,D-post-hoc-diagnostic
report-json,337,central__full-exposure__dose-all,226129,0,-160.0555877685547,215.37353515625,0,0,D-post-hoc-diagnostic
report-json,337,central__peer-present__dose-all,226129,0,-159.6297149658203,265.95281982421875,0,0,D-post-hoc-diagnostic
report-json,337,fedavg__family-absent-everywhere__dose-all,226129,0,-104.87162017822266,234.979248046875,0,0,D-post-hoc-diagnostic
report-json,337,fedavg__full-exposure__dose-all,226129,0,-104.26527404785156,192.9852752685547,0,0,D-post-hoc-diagnostic
report-json,337,fedavg__peer-present__dose-all,226129,0,-96.9452133178711,246.75396728515625,0,0,D-post-hoc-diagnostic
report-json,337,local__peer-present__dose-all,226129,0,-59.60859680175781,97.1341552734375,0,0,D-post-hoc-diagnostic
report-json,338,central__family-absent-everywhere__dose-all,227174,0,-183.93911743164062,252.927734375,0,0,D-post-hoc-diagnostic
report-json,338,central__full-exposure__dose-all,227174,0,-136.030029296875,290.78851318359375,0,0,D-post-hoc-diagnostic
report-json,338,central__peer-present__dose-all,227174,0,-147.6948699951172,269.7366027832031,0,0,D-post-hoc-diagnostic
report-json,338,fedavg__family-absent-everywhere__dose-all,227174,0,-101.86193084716797,211.16583251953125,0,0,D-post-hoc-diagnostic
report-json,338,fedavg__full-exposure__dose-all,227174,0,-110.2076644897461,219.1353759765625,0,0,D-post-hoc-diagnostic
report-json,338,fedavg__peer-present__dose-all,227174,0,-96.24959564208984,235.6120147705078,0,0,D-post-hoc-diagnostic
report-json,338,local__peer-present__dose-all,227174,0,-60.920326232910156,110.87043762207031,0,0,D-post-hoc-diagnostic
report-json,339,central__family-absent-everywhere__dose-all,207470,0,-147.2739715576172,285.1795349121094,0,0,D-post-hoc-diagnostic
report-json,339,central__full-exposure__dose-all,207470,0,-130.899658203125,257.4774475097656,0,0,D-post-hoc-diagnostic
report-json,339,central__peer-present__dose-all,207470,0,-143.3595733642578,227.6099090576172,0,0,D-post-hoc-diagnostic
report-json,339,fedavg__family-absent-everywhere__dose-all,207470,0,-144.5342559814453,183.92459106445312,0,0,D-post-hoc-diagnostic
report-json,339,fedavg__full-exposure__dose-all,207470,0,-111.47766876220703,187.5589599609375,0,0,D-post-hoc-diagnostic
report-json,339,fedavg__peer-present__dose-all,207470,0,-137.3017578125,170.60552978515625,0,0,D-post-hoc-diagnostic
report-json,339,local__peer-present__dose-all,207470,0,-72.95606231689453,92.95769500732422,0,0,D-post-hoc-diagnostic
