experiment,population,family,ctk,ctk_lo,ctk_hi,ctk_seeds,ctk_pos,pooling,pooling_lo,pooling_hi,local_recall,local_recall_lo,local_recall_hi,full_recall,full_recall_lo,full_recall_hi,headroom,headroom_lo,headroom_hi,peer_recall,peer_recall_lo,peer_recall_hi,absent_recall,absent_recall_lo,absent_recall_hi,full_central,full_linear,full_trees,n_classes_poor,n_classes,low_headroom,exposure_limited,representation_limited,pooling_responsive,negative_transfer_sensitive,exposure_limited_ci,negative_transfer_sensitive_ci,pooling_responsive_ci,n_labels,labels,evidence_class
controlled-exposure,federation-wide,adwo,0.1036895573502737,0.05148341432965806,0.15662315374513525,10,8,-0.11107220366187279,-0.21084809294415807,-0.024080094886772787,0.6733956676834971,0.5720785803859981,0.766011137525621,0.6922901561711836,0.5836504365153292,0.8004242488966979,0.01889448848768634,-0.04895501047210648,0.08146795355325763,0.6660130213718981,0.5357681383032993,0.7956209816835231,0.5623234640216245,0.4322475489429266,0.706023410295418,0.5783048786809051,0.686855516738741,,1,3,true,false,false,false,true,false,true,false,2,low_headroom negative_transfer_sensitive,C-post-confirmatory-evidence-preserving
controlled-exposure,federation-wide,airpush,0.0871103986999002,0.05988319445990464,0.11508312669977226,10,10,0.0420301685245162,0.0012868025592839487,0.09496070145186528,0.663302232227774,0.593638937393109,0.7310955291898686,0.8439064468511519,0.782776755430414,0.9005455474925846,0.18060421462337783,0.13497105967351486,0.23201819219613937,0.7924427994521904,0.7307921629634505,0.8568376519410514,0.7053324007522904,0.637371160791024,0.7718352549707648,0.8583266943335538,0.6783435971475749,,0,3,false,true,false,true,false,true,false,true,2,exposure_limited pooling_responsive,C-post-confirmatory-evidence-preserving
controlled-exposure,federation-wide,dowgin,0.0013645484107981387,-0.01820726629177082,0.018817636675147676,10,7,0.11231615441725644,-0.0009304498701109246,0.2294741275648569,0.6544768671832606,0.5808858168775161,0.7308739477137942,0.7614746944332805,0.6833219496951999,0.8443536300482832,0.10699782725001991,0.0016433566014496105,0.22474823661039472,0.7681575700113152,0.6855350534100555,0.8486032952841317,0.766793021600517,0.6890093282124891,0.8463280647885314,0.8521694572706595,0.7249743491458212,,0,3,false,false,false,true,false,false,false,false,1,pooling_responsive,C-post-confirmatory-evidence-preserving
controlled-exposure,federation-wide,gappusin,0.03456743686200691,0.011196289818421402,0.059707983411842816,10,8,-0.04389657579428698,-0.10294117363470301,0.022479224354829963,0.32560118904847396,0.2806815230387925,0.3779200011895559,0.37412387423512705,0.2979427023347186,0.46009461280981234,0.04852268518665311,-0.01628371353340783,0.11660491748206928,0.31627205011619386,0.2337756001545814,0.4259492752219754,0.28170461325418694,0.21739708776706543,0.37401324755068743,0.4238165110467868,0.36320548342137815,,3,3,false,false,true,false,true,false,false,false,2,representation_limited negative_transfer_sensitive,C-post-confirmatory-evidence-preserving
controlled-exposure,federation-wide,hiddad,0.03253834890245297,0.014805475722839228,0.05166831149314431,10,9,-0.056127938471687636,-0.17100451536769845,0.03463570518174629,0.2893255701595741,0.2010775367631051,0.39284398180379343,0.32181461487954754,0.23572295267169374,0.4396900503235577,0.032489044719973416,-0.10932720638294166,0.18057971308535492,0.2657359805903395,0.2213102691842217,0.3137866511945148,0.2331976316878865,0.19892012312932122,0.26542543455852746,0.28675118504970143,0.1878556027878694,,3,3,false,false,true,false,true,false,false,false,2,representation_limited negative_transfer_sensitive,C-post-confirmatory-evidence-preserving
controlled-exposure,federation-wide,leadbolt,0.27746291662209355,0.2293756422403716,0.3277487512815413,10,10,0.01053369091095162,-0.053453618477594576,0.08239034842233284,0.3023305606323997,0.18938184028064337,0.4139506879553951,0.6441562517771702,0.5061277225996491,0.7703842482657234,0.34182569114477057,0.28508596691882626,0.4067151863842125,0.590327168165445,0.45239718084725883,0.721484550120728,0.31286425154335135,0.21002009282790643,0.42016123384469195,0.6435688290656041,0.4240349830792575,,1,3,false,true,false,false,false,true,false,false,1,exposure_limited,C-post-confirmatory-evidence-preserving
controlled-exposure,federation-wide,revmob,0.33376280158758903,0.24570239344424435,0.4311421444613498,10,10,-0.08452386161005265,-0.17229163111693024,-0.006156759951426755,0.271991902916235,0.14305015367437382,0.4092096208924494,0.5575235525984603,0.40360533402131643,0.7068077429461868,0.28553164968222544,0.19902407551331192,0.3839626379950685,0.5212308428937715,0.3823256075210107,0.6622291217901252,0.18746804130618236,0.11151121845111157,0.27189092291940353,0.5605082882158015,0.400400855766319,,3,3,false,false,true,false,true,false,true,false,2,representation_limited negative_transfer_sensitive,C-post-confirmatory-evidence-preserving
controlled-exposure,own-domain,adwo,0.06907874204899395,0.03143201086200132,0.10436557261884336,10,7,-0.05884810070212256,-0.09838988672681499,-0.018276333086029186,0.652426440791032,0.5383273676205615,0.7772880877993806,0.6851230647795972,0.5709261430090377,0.8004609011697968,0.03269662398856521,-0.014207335267088318,0.07959700281816928,0.6626570821379032,0.5362178242231123,0.7975765531828825,0.5935783400889094,0.47466465939485086,0.7270033881875073,0.619487845902196,0.6676555793926071,,0,3,false,true,false,false,true,false,true,false,2,exposure_limited negative_transfer_sensitive,C-post-confirmatory-evidence-preserving
controlled-exposure,own-domain,airpush,0.11699182787217777,0.04060639596353528,0.23586252605347227,10,9,-0.019445399802104746,-0.10255041052681042,0.04906986441885414,0.6607499958173584,0.547860987193577,0.7632203235937958,0.860456429756546,0.806458973686233,0.9177142764622066,0.1997064339391878,0.12861793254076534,0.291385373229125,0.7582964238874313,0.6409544515805522,0.8637748301342909,0.6413045960152536,0.483321690867919,0.7943004356398773,0.8735149886491353,0.6367332316456901,,0,3,false,true,false,false,false,true,false,false,1,exposure_limited,C-post-confirmatory-evidence-preserving
controlled-exposure,own-domain,dowgin,-0.03351011921999887,-0.09807502026694215,0.014176035824878119,10,4,-0.028667526155582535,-0.10667579905858943,0.06907576336062246,0.6684976085740746,0.5907316008697977,0.7494764045661304,0.5965748908763631,0.5096197311178897,0.687716428097855,-0.07192271769771144,-0.12118640895644531,-0.027439406696543288,0.6063199631984931,0.5246101951457832,0.6936132585942206,0.6398300824184919,0.5546724122734473,0.7275530051497876,0.707624935405416,0.6261407486800065,,1,3,true,false,false,false,false,false,false,false,1,low_headroom,C-post-confirmatory-evidence-preserving
controlled-exposure,own-domain,gappusin,0.003720952789892401,-0.03378557249556445,0.0390985185748565,10,5,-0.06401461029273531,-0.10797972217093557,-0.02343095098392086,0.3406094194951965,0.2628549354305224,0.44265676297408596,0.3634607567138285,0.2841506983627143,0.45677870848362406,0.02285133721863199,-0.029315172618814424,0.08104227174548258,0.2803157619923536,0.19461433333386954,0.387689722646335,0.27659480920246116,0.1988626817166063,0.38885265217153175,0.4042048852952222,0.34543839814076216,,3,3,true,false,true,false,false,false,false,false,2,representation_limited low_headroom,C-post-confirmatory-evidence-preserving
controlled-exposure,own-domain,hiddad,-0.012060793584573315,-0.05029608770222038,0.028536060700876092,10,2,0.015204885736800641,-0.06681980948407729,0.07690322104018914,0.5141124322069253,0.3790835158531498,0.6464875104297039,0.6050456589255087,0.49553875214388354,0.7293647615074399,0.09093322671858343,-0.07767088779956416,0.24991344504704954,0.5172565243591527,0.39680337980345803,0.6419392991239049,0.5293173179437258,0.42108678092986607,0.6334808991563529,0.6137122792379364,0.4987677884392528,,1,3,false,false,false,false,false,false,false,false,0,"",C-post-confirmatory-evidence-preserving
controlled-exposure,own-domain,leadbolt,0.30120100619763557,0.1395096072011395,0.47907651471850826,10,8,-0.10473973933876062,-0.31259262235156066,0.09973736185578293,0.4179282555984094,0.273090004770389,0.5560931593227266,0.6429194747775593,0.5178220848917818,0.7617925546933775,0.22499121917914983,0.12103463239071012,0.36152641859767287,0.6143895224572844,0.4989842878777889,0.7277878502680947,0.3131885162596488,0.22199333963978984,0.39405558881602526,0.7252946705761796,0.5259971459414683,,1,3,false,true,false,false,true,true,false,false,2,exposure_limited negative_transfer_sensitive,C-post-confirmatory-evidence-preserving
controlled-exposure,own-domain,revmob,0.28705500163452113,0.19826187865497077,0.3741670548654244,10,10,-0.19348784097925975,-0.3179662936780357,-0.09765742594711416,0.3145524136428026,0.1954822858777378,0.4618005770767499,0.4870110511786713,0.31993755221386805,0.6570184700882642,0.17245863753586865,0.08062166285278415,0.2663278565526134,0.408119574298064,0.2893103183683847,0.5359464331117649,0.12106457266354291,0.06842089598997494,0.18118896879880858,0.5426959609167847,0.3792063492063492,,3,3,false,false,true,false,true,false,true,false,2,representation_limited negative_transfer_sensitive,C-post-confirmatory-evidence-preserving
replication-family-set,federation-wide,dnotua,-0.08243258405542757,-0.24935212544096175,0.007632591731605282,10,2,0.027618477872891678,-0.03831545160096697,0.08375547525240408,0.5961089416089805,0.3916919235289662,0.788171336633172,0.6223565092195363,0.43748363976161575,0.8003749049644496,0.026247567610555644,-0.03966454366930126,0.08550342219701232,0.5412948354264449,0.34963592540819927,0.73825365237092,0.6237274194818723,0.4406385764596398,0.7979736767026722,0.6243743531459206,,,0,2,true,false,false,false,false,false,false,false,1,low_headroom,C-post-confirmatory-evidence-preserving
replication-family-set,federation-wide,domob,0.12035563750670877,0.041506945048695336,0.20764883656320865,10,8,-0.10932126082449271,-0.21833984219202088,0.0012226130188364292,0.5437251239112608,0.35126661426862055,0.7378688062258163,0.5861296012162456,0.416590793676221,0.7576171720192528,0.04240447730498474,-0.03450186453169834,0.12322606996765356,0.5547595005934769,0.37642982748415044,0.7338143436038793,0.4344038630867682,0.3138753440468044,0.5549055302188027,0.5464777990140703,,,2,2,false,false,true,false,true,false,false,false,2,representation_limited negative_transfer_sensitive,C-post-confirmatory-evidence-preserving
replication-family-set,federation-wide,inmobi,0.13625805423786647,0.0897314639182092,0.18589722085347532,10,10,0.199922220223423,0.08075261548522782,0.360997818100122,0.5063901235585827,0.36141804681448125,0.6532222589514503,0.9052809068628372,0.8622699598789494,0.9447525481498988,0.3988907833042544,0.2662968055735993,0.5379047175324199,0.8425703980198722,0.7559369711609087,0.9123083573986174,0.7063123437820058,0.6003156436609685,0.8076758552102661,0.8053855279196072,,,0,2,false,true,false,true,false,true,false,true,2,exposure_limited pooling_responsive,C-post-confirmatory-evidence-preserving
replication-family-set,federation-wide,kuguo,0.042263189484589736,0.007531620953127355,0.07517620239711707,10,9,-0.06002053972469722,-0.15446588049582044,0.04335300015549692,0.5967015643886262,0.5500611183418854,0.638641921079669,0.5965757459651362,0.46859198913705724,0.7292905804862835,-0.00012581842348988737,-0.10542240024360919,0.11027179789404627,0.5789442141485186,0.44423107398225675,0.715212566701019,0.5366810246639289,0.4247475771842906,0.6534439869447499,0.7067518624605356,,,1,2,true,false,false,false,true,false,false,false,2,low_headroom negative_transfer_sensitive,C-post-confirmatory-evidence-preserving
replication-family-set,federation-wide,smsreg,0.04432422850626871,0.012421569783717699,0.07454378589836043,10,8,0.052594669088430315,-0.014082968335657796,0.11308252786520827,0.5594857835957131,0.3983467804940658,0.7182719679766162,0.671306401129957,0.5140132744286581,0.8176323273885303,0.11182061753424377,0.04335346359907094,0.17752762808107692,0.6564046811904121,0.49017724751218567,0.8161233703484924,0.6120804526841436,0.4495221990017031,0.7611225373080204,0.7653478922287874,,,0,2,false,true,false,true,false,true,false,false,2,exposure_limited pooling_responsive,C-post-confirmatory-evidence-preserving
replication-family-set,federation-wide,utchi,0.01854534764622993,-0.015065913370998116,0.052334012094286064,6,2,0.009070714550166606,0.0,0.018203134641490804,0.008383844986024748,0.0002801120448179272,0.02344975835702286,0.27563797822021435,0.07560018357625536,0.49453905960755273,0.2672541332341896,0.06778711484593837,0.4811739007663414,0.03599990718242128,0.0002801120448179272,0.07252958754771809,0.017454559536191353,0.004784616549322432,0.031952924598617656,0.46320838672566683,,,2,2,false,false,true,false,false,false,false,false,1,representation_limited,C-post-confirmatory-evidence-preserving
replication-family-set,federation-wide,youmi,0.04200232510193046,-0.006090954850754842,0.09583543828122275,10,5,-0.06934577771399261,-0.09821284765247285,-0.03893331297690263,0.3628859681587803,0.2799423473806801,0.4623374460126624,0.3580185660865669,0.23241981442498488,0.515869695771606,-0.004867402072213439,-0.06143384804655826,0.05835381771707752,0.3355425155467182,0.20600975905011087,0.4947190829053372,0.2935401904447878,0.20365068827322275,0.4045173000642452,0.3619126252189336,,,2,2,true,false,true,false,true,false,false,false,3,representation_limited low_headroom negative_transfer_sensitive,C-post-confirmatory-evidence-preserving
replication-family-set,federation-wide,zdtad,-0.020648648494454098,-0.05636977372335291,0.015224855932820488,6,2,-0.06855824909970208,-0.12384901179733158,-0.006795779531679686,0.7764636780664285,0.7381760933821672,0.8179180408115596,0.6744990115119514,0.6083319959675707,0.7462781806112978,-0.1019646665544771,-0.1510151714100614,-0.03991608953843804,0.6872567804722722,0.6250978561029669,0.7583508180347893,0.7079054289667264,0.6469857749684214,0.7660039251183198,0.8724309179022347,,,0,2,true,false,false,false,false,false,false,false,1,low_headroom,C-post-confirmatory-evidence-preserving
replication-family-set,own-domain,dnotua,-0.09612412177985949,-0.2812295081967213,0.02857142857142857,10,1,0.024926616640527262,0.001069484054964992,0.04987006902147965,0.6697118587900724,0.476634327994354,0.8451970077827854,0.6857390717489819,0.5159697406343099,0.8555536697193176,0.01602721295890943,-0.05216516860976636,0.06803063073880293,0.5985143536507402,0.4149794151326592,0.7870598796603292,0.6946384754305996,0.4979609898651377,0.8662582686223755,0.6563699671940869,,,0,2,true,false,false,false,false,false,false,false,1,low_headroom,C-post-confirmatory-evidence-preserving
replication-family-set,own-domain,domob,0.0482115768656898,0.002635498161640262,0.1023301127885673,10,6,0.022942529301070227,-0.05320637453649931,0.10761538728806042,0.45594730464546707,0.30672389667909494,0.6288914052186925,0.568009516526701,0.3928589601728269,0.7407397947372703,0.11206221188123386,0.018662106167307888,0.20519955014288274,0.5271014108122271,0.3488503513114932,0.7132775005214838,0.4788898339465373,0.3168119833046109,0.6542103960346218,0.5293570377970749,,,2,2,false,false,true,false,false,false,false,false,1,representation_limited,C-post-confirmatory-evidence-preserving
replication-family-set,own-domain,inmobi,0.19882032477292155,0.11645386846457598,0.29014472953482634,10,9,0.07522731618167544,-0.06530402401755378,0.2616836797748175,0.5547259314822692,0.3778623859421691,0.7235375053500794,0.8499145925675012,0.7575374062379999,0.9331353360321588,0.2951886610852318,0.1711105507275626,0.44130529162062454,0.8287735724368662,0.7348772541657176,0.9123608941877208,0.6299532476639448,0.48618970961113495,0.772364843820965,0.7781993780111957,,,0,2,false,true,false,true,false,true,false,false,2,exposure_limited pooling_responsive,C-post-confirmatory-evidence-preserving
replication-family-set,own-domain,kuguo,0.02472576929274411,-0.012190629162078718,0.071277435989739,10,5,-0.08673114663340432,-0.16295336482809478,-0.008578425399316074,0.6456860745207181,0.5564383710004502,0.737641633680519,0.6165663366425601,0.4755279870560983,0.76975510812374,-0.029119737878157904,-0.11333325304690059,0.06610228062621645,0.5836806971800577,0.4379577225183769,0.739636132142867,0.5589549278873137,0.4299158839687905,0.7017384078567017,0.6598506773413172,,,0,2,true,false,false,false,false,false,false,false,1,low_headroom,C-post-confirmatory-evidence-preserving
replication-family-set,own-domain,smsreg,0.050019596185657454,-0.02648344038353564,0.11512695423945524,10,8,-0.007342288740000297,-0.1145201220848541,0.10409810370414203,0.371774674389291,0.2665643821464853,0.4806418226001814,0.41031721551582523,0.33737777703807775,0.4898585205493602,0.03854254112653425,-0.08553785494217114,0.16364878589461063,0.41445198183494825,0.3395471571623734,0.4983555986032384,0.3644323856492907,0.30210961710221473,0.4318652211557823,0.4879592440576007,,,2,2,false,false,true,false,false,false,false,false,1,representation_limited,C-post-confirmatory-evidence-preserving
replication-family-set,own-domain,utchi,-0.032520325203252036,-0.09756097560975611,0.0,6,0,0.0,0.0,0.0,0.0356672629907127,0.0010893246187363835,0.09973962484722887,0.42465965468605466,0.13951620997691458,0.7098030993951948,0.388992391695342,0.10493827160493825,0.7067375236699042,0.0031469377874606633,0.0,0.007262164124909223,0.0356672629907127,0.0010893246187363835,0.09973962484722887,0.48037034747653956,,,2,2,false,false,true,false,false,false,false,false,1,representation_limited,C-post-confirmatory-evidence-preserving
replication-family-set,own-domain,youmi,0.014366778176112722,-0.02300705278592376,0.056769237868934515,10,4,-0.04965261289462016,-0.09996579955700163,0.00768631593204904,0.3617078839835208,0.27552769492645685,0.4589963689527236,0.3540526751466081,0.23299597321710158,0.5037349702446192,-0.007655208836912647,-0.060693585171114874,0.05549034465904878,0.32642204926501334,0.20422146344602696,0.47918542725706076,0.31205527108890063,0.19653963045554226,0.4583099615264036,0.34899821120896096,,,2,2,true,false,true,false,false,false,false,false,2,representation_limited low_headroom,C-post-confirmatory-evidence-preserving
replication-family-set,own-domain,zdtad,0.0,0.0,0.0,6,0,-0.1388888888888889,-0.5277777777777778,0.1388888888888889,0.8055555555555555,0.638888888888889,0.9722222222222223,0.5833333333333334,0.27777777777777773,0.8611111111111112,-0.2222222222222222,-0.5833333333333334,0.08333333333333333,0.6666666666666666,0.3611111111111111,0.9166666666666666,0.6666666666666666,0.3611111111111111,0.9166666666666666,0.5277777777777778,,,2,2,true,false,true,false,false,false,false,false,2,representation_limited low_headroom,C-post-confirmatory-evidence-preserving
