set,population,alpha,client,seeds,placebo_eff_mean,placebo_eff_lo,placebo_eff_hi,ctk_minus_pl_mean,ctk_minus_pl_lo,ctk_minus_pl_hi,evidence_class
primary-set,federation-wide,0.01,anzhi,7,0.0010607509572109683,-0.01473262625816778,0.016783139796311845,0.055061950031809186,0.03735474438032533,0.07783109085233185,D-post-hoc-diagnostic
primary-set,federation-wide,0.01,appchina,10,0.006537814939118836,-0.007518498666001391,0.02729455933912955,-0.003687263754488168,-0.051309866201356524,0.027867109016761853,D-post-hoc-diagnostic
primary-set,federation-wide,0.01,play-early,9,0.003952765342670042,-0.017362449204150886,0.02494399375176348,0.040069376878725915,0.00028938044179028605,0.08238315573682722,D-post-hoc-diagnostic
primary-set,federation-wide,0.01,play-late,7,-0.015460244287861715,-0.05606368369126564,0.01441275949663318,0.27453992209251205,0.14059240755807847,0.39799107086916796,D-post-hoc-diagnostic
primary-set,federation-wide,0.05,anzhi,7,-0.0009371227276601558,-0.011524841636854313,0.005352865192882171,0.1914477441228606,0.11651125611031996,0.25761144850843987,D-post-hoc-diagnostic
primary-set,federation-wide,0.05,appchina,10,-0.005578373319277173,-0.023858808864004544,0.0027227541047886135,0.06967306664530129,0.020796959704308008,0.11494040190177973,D-post-hoc-diagnostic
primary-set,federation-wide,0.05,play-early,9,-0.003953482356311768,-0.020034521097201528,0.011163942712945333,0.08313195446828536,0.06716779379850984,0.10294448858489141,D-post-hoc-diagnostic
primary-set,federation-wide,0.05,play-late,7,0.0014401078416196192,-0.04590667236812614,0.04520564504123731,0.29418777390504075,0.13651864474228897,0.42834020243941673,D-post-hoc-diagnostic
primary-set,federation-wide,0.1,anzhi,7,-0.035391883333228256,-0.0709465654451139,-0.011796606080081559,0.22838853400439488,0.16283284301020068,0.29696438151845894,D-post-hoc-diagnostic
primary-set,federation-wide,0.1,appchina,10,0.0005175349080708189,-0.00749889552910927,0.007291466628554691,0.12927808693149342,0.06342209435136441,0.20435131784917326,D-post-hoc-diagnostic
primary-set,federation-wide,0.1,play-early,9,-0.004704674006807504,-0.02718882238636847,0.009547534040866234,0.07386861704631645,0.05042867407066681,0.10004492780194275,D-post-hoc-diagnostic
primary-set,federation-wide,0.1,play-late,7,-0.008021587092089496,-0.058204573926147404,0.020537083439017972,0.25345792838516346,0.12846650563893175,0.3624715510480551,D-post-hoc-diagnostic
primary-set,own-domain,0.01,anzhi,7,-0.00441366910917181,-0.022900934804767382,0.010216560523488053,0.06796202459080034,0.045271737710272396,0.09319340964649195,D-post-hoc-diagnostic
primary-set,own-domain,0.01,appchina,10,0.009682335893623283,0.0005754802249936063,0.021530242029770292,0.03475722485907973,0.003524940808753957,0.08142407398219621,D-post-hoc-diagnostic
primary-set,own-domain,0.01,play-early,9,-0.016007965722113535,-0.03865289595371843,0.0012000253644431312,0.05827509643056253,0.022712700970246653,0.0925979133700574,D-post-hoc-diagnostic
primary-set,own-domain,0.01,play-late,7,-0.0026401587680316032,-0.017848957764924154,0.006011845297559582,0.2786309540391975,0.1389262169981103,0.49838552531812164,D-post-hoc-diagnostic
primary-set,own-domain,0.05,anzhi,7,0.0041651965983108,-0.025302923837953354,0.033360835425566455,0.09360409518205,0.044146638238834565,0.17981640041444777,D-post-hoc-diagnostic
primary-set,own-domain,0.05,appchina,10,-0.012445933473709838,-0.03266076233044518,0.006094091839147268,0.03498051161918719,0.011421912019276479,0.059355204099932786,D-post-hoc-diagnostic
primary-set,own-domain,0.05,play-early,9,-0.006958481927079519,-0.030340156675111918,0.012368159611563076,0.057223230246731434,0.0353184224007978,0.0999280169131113,D-post-hoc-diagnostic
primary-set,own-domain,0.05,play-late,7,0.007513735464309841,-0.024745212598223994,0.04954144484866384,0.4109062973681369,0.21530560838429774,0.6322156352021875,D-post-hoc-diagnostic
primary-set,own-domain,0.1,anzhi,7,-0.04707844892485663,-0.12146468131398253,-0.01323315916637187,0.07935727612675444,0.03796801247530261,0.1462114123899829,D-post-hoc-diagnostic
primary-set,own-domain,0.1,appchina,10,-0.0144980249156982,-0.07060769483560032,0.007440731557905584,0.054644615269301866,0.0192510137261646,0.08961162481876983,D-post-hoc-diagnostic
primary-set,own-domain,0.1,play-early,9,-0.005589037662981091,-0.022986611716257255,0.008245955496543177,0.05864994679626798,0.027685031086479288,0.10453890080319306,D-post-hoc-diagnostic
primary-set,own-domain,0.1,play-late,7,0.0017644696363910378,-0.05966767812525314,0.050976008118865254,0.3541678193311987,0.18205698489691605,0.5711411481747485,D-post-hoc-diagnostic
replication-set,federation-wide,0.01,anzhi,10,0.000495376017924371,-0.007926784932207265,0.006084858890020101,0.0032852743374573523,-0.0019158530032544212,0.010479041316866358,D-post-hoc-diagnostic
replication-set,federation-wide,0.01,appchina,10,0.007212199581718638,-0.0019322173060377687,0.021183777338776504,0.03308622937014274,0.003844530659478064,0.09390735700359856,D-post-hoc-diagnostic
replication-set,federation-wide,0.01,play-early,10,0.0020904840850990147,-0.038123780138701775,0.0716670311872795,0.10227786449658234,0.05011076793648059,0.22117148880005344,D-post-hoc-diagnostic
replication-set,federation-wide,0.01,play-late,6,0.005672974877330196,-0.01882224626922177,0.03420491541419208,0.13853338031678666,0.08679139763149264,0.20715778126998563,D-post-hoc-diagnostic
replication-set,federation-wide,0.05,anzhi,10,0.006451371857530958,0.00030307424675822536,0.012759459014272528,0.031043312293939605,-0.0008327473865058764,0.06543296683817355,D-post-hoc-diagnostic
replication-set,federation-wide,0.05,appchina,10,-0.02577308924263082,-0.06240391384566066,-0.0014989371863243473,0.039248513793030564,0.011443518828822323,0.06588078488494181,D-post-hoc-diagnostic
replication-set,federation-wide,0.05,play-early,10,-0.00956759810695813,-0.0488928116787509,0.011495572107991467,0.12905255841236823,0.08418388924337636,0.18717995261607448,D-post-hoc-diagnostic
replication-set,federation-wide,0.05,play-late,6,0.026629195160120227,-0.0022402704831208375,0.08812054443389154,0.060067683991299727,0.03728912194775913,0.08637923914420781,D-post-hoc-diagnostic
replication-set,federation-wide,0.1,anzhi,10,-0.0055783344146748326,-0.015317471551917993,0.01071160081817226,0.18842951600227106,0.08564048358658231,0.3117870245195989,D-post-hoc-diagnostic
replication-set,federation-wide,0.1,appchina,10,-0.013991986060819367,-0.07119525143538663,0.009031899130655111,0.1330714936700511,0.04865435814654983,0.28275574629324274,D-post-hoc-diagnostic
replication-set,federation-wide,0.1,play-early,10,0.009390746278004245,-0.003038475627113518,0.01791709947292684,0.07575288694702251,0.049677615705162326,0.10241947752246547,D-post-hoc-diagnostic
replication-set,federation-wide,0.1,play-late,6,0.022034632421516143,-0.0057490026749741074,0.08228731940250536,0.049369573172702706,0.026224819162096936,0.07924137726041992,D-post-hoc-diagnostic
replication-set,own-domain,0.01,anzhi,10,-0.00008780441818688374,-0.0034331821783448015,0.0034672889869017494,0.00068654459439684,-0.0041592815807888215,0.004299228637591568,D-post-hoc-diagnostic
replication-set,own-domain,0.01,appchina,10,0.003339482373576695,-0.006214199345849633,0.02000010827137023,0.04293781411080541,0.015712834124641976,0.08901335044700727,D-post-hoc-diagnostic
replication-set,own-domain,0.01,play-early,9,-0.004773816146678257,-0.05826609783214629,0.07640934120805151,0.05101437479845277,0.010379036139071702,0.085602410219496,D-post-hoc-diagnostic
replication-set,own-domain,0.01,play-late,4,,,,,,,D-post-hoc-diagnostic
replication-set,own-domain,0.05,anzhi,10,-0.003516882905111411,-0.020717696311266177,0.007110030918326977,0.02288578188389066,-0.005121362760023947,0.08830548438099686,D-post-hoc-diagnostic
replication-set,own-domain,0.05,appchina,10,-0.010241396764891369,-0.05508298754976917,0.007049964173006855,0.0512063924061088,0.022336736721612495,0.1076190263537467,D-post-hoc-diagnostic
replication-set,own-domain,0.05,play-early,9,-0.015427180776551376,-0.054724993168085004,0.026630335506695565,0.07800876904565407,0.029482263680190954,0.11225475050537218,D-post-hoc-diagnostic
replication-set,own-domain,0.05,play-late,4,,,,,,,D-post-hoc-diagnostic
replication-set,own-domain,0.1,anzhi,10,-0.015054037698201947,-0.04070906899336124,0.004521801869222645,0.24549603589622046,0.1121051463193149,0.3938166495437425,D-post-hoc-diagnostic
replication-set,own-domain,0.1,appchina,10,-0.02786582420289977,-0.09258292168332266,-0.0033450485558818607,0.16925764280423133,0.05010157172828261,0.40454900127346327,D-post-hoc-diagnostic
replication-set,own-domain,0.1,play-early,9,0.00975557272141961,-0.01134228433412621,0.02387761118723762,0.04350133272414712,0.018783752842730643,0.06546596148685398,D-post-hoc-diagnostic
replication-set,own-domain,0.1,play-late,4,,,,,,,D-post-hoc-diagnostic
pooled-family-sets,federation-wide,0.01,anzhi,10,-0.0002588074821737286,-0.006554678486472126,0.006485788844705624,0.019938472946009415,0.012530438898258656,0.027498036343747458,D-post-hoc-diagnostic
pooled-family-sets,federation-wide,0.01,appchina,10,0.007212436717563775,-0.0037426463407825208,0.017454984601956904,0.018655214323551113,-0.006144523316241331,0.052552395623433217,D-post-hoc-diagnostic
pooled-family-sets,federation-wide,0.01,play-early,10,0.014804712942796222,-0.013907072474022203,0.08752205249948014,0.07129938309744854,0.03498111163474813,0.12417755006248055,D-post-hoc-diagnostic
pooled-family-sets,federation-wide,0.01,play-late,8,-0.010935187005070623,-0.037973510253538664,0.012655233351850797,0.22073452797401696,0.1393917083458725,0.3178782540377089,D-post-hoc-diagnostic
pooled-family-sets,federation-wide,0.05,anzhi,10,0.0034216643704196178,-0.0002119176768538194,0.007370922905333288,0.08979166657647056,0.04223571083515208,0.14012047539866077,D-post-hoc-diagnostic
pooled-family-sets,federation-wide,0.05,appchina,10,-0.016948415453502636,-0.04492642576801657,-0.0011511651198741612,0.06008877021179,0.03321806380635142,0.08662274369925096,D-post-hoc-diagnostic
pooled-family-sets,federation-wide,0.05,play-early,10,-0.0069636560692497825,-0.025153703890910012,0.0030542453826940584,0.1064057959274985,0.08724346304396009,0.13039166243989408,D-post-hoc-diagnostic
pooled-family-sets,federation-wide,0.05,play-late,8,0.0067835347267492935,-0.02092854724202706,0.03739441591968893,0.19214737375143365,0.1004857255961034,0.31704208262686817,D-post-hoc-diagnostic
pooled-family-sets,federation-wide,0.1,anzhi,10,-0.0177219991732698,-0.03236493003881816,0.00007115730693203637,0.20603551220415167,0.12494572261234502,0.293683864757104,D-post-hoc-diagnostic
pooled-family-sets,federation-wide,0.1,appchina,10,-0.007365210745120551,-0.037534128195566036,0.006388486640967756,0.1355005210138735,0.07257228073074067,0.2328656373385842,D-post-hoc-diagnostic
pooled-family-sets,federation-wide,0.1,play-early,10,0.003987404521315732,-0.006161991373261249,0.013898644934591744,0.07434799288083331,0.061426581185638526,0.09005413397970216,D-post-hoc-diagnostic
pooled-family-sets,federation-wide,0.1,play-late,8,0.001666418893779875,-0.023010454385055806,0.02010451509154762,0.15976446263093425,0.08612822655493792,0.2571914018837846,D-post-hoc-diagnostic
pooled-family-sets,own-domain,0.01,anzhi,10,-0.002218077287671891,-0.00792994091868918,0.003516077172491858,0.02242185655766723,0.012373592754830371,0.031265643666242994,D-post-hoc-diagnostic
pooled-family-sets,own-domain,0.01,appchina,10,0.007147218573336558,-0.0012712384628428162,0.016770902822539995,0.040305984694849736,0.02028852285705058,0.06249761993815303,D-post-hoc-diagnostic
pooled-family-sets,own-domain,0.01,play-early,10,0.001016181207341317,-0.031415202708419236,0.08354041435852812,0.05787773230555249,0.04543300181248947,0.07483981121889174,D-post-hoc-diagnostic
pooled-family-sets,own-domain,0.01,play-late,8,-0.013203713219216408,-0.03615196078431372,0.001005846563075479,0.20054706649793025,0.09731928344922688,0.36802089500888124,D-post-hoc-diagnostic
pooled-family-sets,own-domain,0.05,anzhi,10,-0.0029614541489792756,-0.020422129773604313,0.012805809957920461,0.04899269465850439,0.017591537600102482,0.0821498419515157,D-post-hoc-diagnostic
pooled-family-sets,own-domain,0.05,appchina,10,-0.012565835110350528,-0.044494692236598465,0.0011231723138676935,0.042267432451182016,0.023994942929200673,0.07110476103267664,D-post-hoc-diagnostic
pooled-family-sets,own-domain,0.05,play-early,10,-0.013499227402704414,-0.03228159698580743,0.009015026523686008,0.06946334898737869,0.057003544988021085,0.0812032971633671,D-post-hoc-diagnostic
pooled-family-sets,own-domain,0.05,play-late,8,-0.0287324415745986,-0.09006068444913191,0.02031149081286237,0.3093022273893897,0.15682091468524875,0.45727977537838116,D-post-hoc-diagnostic
pooled-family-sets,own-domain,0.1,anzhi,10,-0.026029632961104075,-0.051531719812286034,-0.003633568204215693,0.1917840624842922,0.10064271558286711,0.2906818580114307,D-post-hoc-diagnostic
pooled-family-sets,own-domain,0.1,appchina,10,-0.02161850766526201,-0.05767473329730775,-0.003659804580356975,0.10314563568632087,0.04992741194696251,0.1885532558205102,D-post-hoc-diagnostic
pooled-family-sets,own-domain,0.1,play-early,10,0.000989353775735473,-0.014347402262910638,0.010897801938105309,0.0550037893959773,0.03661546236011755,0.06937505996550355,D-post-hoc-diagnostic
pooled-family-sets,own-domain,0.1,play-late,8,-0.006720835146921341,-0.05226767701987417,0.04524168856670094,0.27113332455266353,0.16013898809065397,0.39308954616448893,D-post-hoc-diagnostic
