set,population,family,seeds,ctk10,ctk25,ctk50,ctk100,ctk200,ctk_top_ci_low,ctk_top_ci_high,natural_ctk,onset_mean,onset_ci,response_class,evidence_class,local_recall,full_recall,confirmatory_ctk,novelty_fl,novelty_dose_runs
primary-set,federation-wide,adwo,10,0.0069084967334827555,0.021113634120243537,0.05431886489489011,0.08774227692658691,0.11057398931778932,0.07779633930791358,0.1605762436853573,0.08759640005423315,50,25,late(50-200),D-post-hoc-diagnostic,0.6733956676834972,0.6922901561711836,0.1036895573502737,2.0631458838286605,1.8654624726333537
primary-set,federation-wide,airpush,10,0.0189788742468809,0.04060282202347058,0.08031155087011983,0.11894151525586993,0.15410137025696327,0.13338060760528858,0.18682731665194507,0.15053056276561477,25,10,early(<=25),D-post-hoc-diagnostic,0.6633022322277741,0.8439064468511519,0.0871103986999002,2.5482840362252213,2.603613747578473
primary-set,federation-wide,dowgin,10,-0.006009931429647464,-0.006475920739459596,-0.006489980543546081,-0.005528787584125316,-0.0077752437813432326,-0.032275562966203916,0.016941794737518657,-0.008544081712275298,,,nonresponsive,D-post-hoc-diagnostic,0.6544768671832606,0.7614746944332805,0.0013645484107981387,1.88928102476,1.6228890408979395
primary-set,federation-wide,gappusin,10,0.0004688726597735449,0.009111917726219814,0.02147255037127598,0.03668916545519464,0.057974007892272306,0.033935418501623175,0.08227726714694698,0.061509746344767705,100,25,late(50-200),D-post-hoc-diagnostic,0.3256011890484739,0.37412387423512705,0.0345674368620069,1.590757471258689,1.5008083520989597
primary-set,federation-wide,hiddad,10,0.032967637152149266,0.05903305609027835,0.1115791373906013,0.11056981986245724,0.22216794259192518,0.166504024853811,0.35131334535544023,0.03197946249553461,10,10,early(<=25),D-post-hoc-diagnostic,0.28932557015957416,0.32181461487954754,0.03253834890245297,4.189897997223157,4.944354258920096
primary-set,federation-wide,leadbolt,10,0.0840298152896212,0.15833333212954753,0.2202685399785528,0.304210232037247,0.3496401095331411,0.301204663413125,0.4008139561410355,0.29741630578209655,10,10,early(<=25),D-post-hoc-diagnostic,0.3023305606323997,0.6441562517771703,0.27746291662209355,2.7129486906531946,2.5641189761583196
primary-set,federation-wide,revmob,10,0.13582133083111922,0.2548796327120403,0.37769387687841977,0.44602320610913593,0.5079936175950946,0.3814793744520709,0.6065468336654178,0.41125671426351273,10,10,early(<=25),D-post-hoc-diagnostic,0.271991902916235,0.5575235525984604,0.3337628015875891,3.319853285343657,3.296251723034351
replication-set,federation-wide,dnotua,10,0.005742483605185278,-0.0319420166641555,-0.03085336935410014,-0.010733543771664352,-0.033455813803646504,-0.12930155403793392,-0.0006604928737598814,-0.01285485602240918,,,nonresponsive,D-post-hoc-diagnostic,0.5961089416089806,0.6223565092195362,-0.08243258405542758,2.419425397719887,2.937460549944849
replication-set,federation-wide,domob,10,0.030957576758831356,0.05730087661030638,0.09766495428890701,0.1271785448134751,0.18267591876668932,0.1350602121584587,0.24194931273052894,0.10063409687672861,10,10,early(<=25),D-post-hoc-diagnostic,0.5437251239112608,0.5861296012162456,0.12035563750670879,1.9483153647151088,1.8108557050944731
replication-set,federation-wide,inmobi,10,0.04758386679067253,0.10495518047383397,0.1218644924604481,0.18713851151566432,0.20282254514094494,0.13601534360216908,0.3137035892600394,0.19858389895359974,10,10,early(<=25),D-post-hoc-diagnostic,0.5063901235585828,0.9052809068628372,0.13625805423786647,5.429826268613129,5.823558239410739
replication-set,federation-wide,kuguo,10,-0.013166102589471308,-0.012786940896351979,-0.019918078946178374,-0.017050089141335247,-0.025383740814417115,-0.06809429016284597,0.014063819125717181,0.021913774878837194,,,nonresponsive,D-post-hoc-diagnostic,0.5967015643886261,0.5965757459651362,0.042263189484589736,1.7011989592555143,1.5658350825158425
replication-set,federation-wide,smsreg,10,0.0030126891114539006,0.009126035606019971,0.02620633643047407,0.029748139338624125,0.06746819005751396,0.051511507678003346,0.08805642776629756,0.059551792823468744,200,25,late(50-200),D-post-hoc-diagnostic,0.5594857835957132,0.671306401129957,0.04432422850626871,2.8506119287438962,2.143476517358532
replication-set,federation-wide,utchi,9,0.07629547619834458,0.06573557419107415,0.0802799075570776,0.4379235104243418,0.3210474111999348,0.14930619039557586,0.5854155596725885,0.0561210306241687,10,10,early(<=25),D-post-hoc-diagnostic,0.008383844986024748,0.27563797822021435,0.01854534764622993,3.097476337956543,3.1906860354059656
replication-set,federation-wide,youmi,10,0.007744453678651453,0.013313883128126439,0.03217677778818811,0.05169307320460577,0.073818963804994,0.03577946326481996,0.12763469510635211,0.06949022110374403,50,25,late(50-200),D-post-hoc-diagnostic,0.3628859681587804,0.35801856608656696,0.04200232510193046,1.5419646522965145,1.4867856739271725
replication-set,federation-wide,zdtad,8,0.011678267742355988,-0.012995845511124454,-0.000695565376971935,-0.016986761902521588,-0.00946286710449809,-0.03602047373900731,0.021586005019651258,-0.0017009406872503102,,,nonresponsive,D-post-hoc-diagnostic,0.7764636780664285,0.6744990115119514,-0.020648648494454098,2.0145477351709147,1.9508927187668736
primary-set,own-domain,adwo,10,0.011482770072178378,0.026769335355930755,0.07849134664570626,0.09765616021000437,0.09821326846080336,0.06028880416426331,0.145297984989964,0.07902279388549412,50,25,late(50-200),D-post-hoc-diagnostic,0.6733956676834972,0.6922901561711836,0.1036895573502737,2.0631458838286605,1.8654624726333537
primary-set,own-domain,airpush,10,0.01868726295069486,0.02788341308512431,0.04783387655422554,0.11441457534573676,0.12663396008807354,0.04788712320031807,0.3357895413886853,0.07005052488606466,50,10,late(50-200),D-post-hoc-diagnostic,0.6633022322277741,0.8439064468511519,0.0871103986999002,2.5482840362252213,2.603613747578473
primary-set,own-domain,dowgin,10,-0.005991006451212133,-0.01790611037321325,-0.0243208383027142,-0.01425820302586081,-0.03131642287334467,-0.08037650760990916,0.006771177984112639,-0.020713399357026145,,,nonresponsive,D-post-hoc-diagnostic,0.6544768671832606,0.7614746944332805,0.0013645484107981387,1.88928102476,1.6228890408979395
primary-set,own-domain,gappusin,10,0.016623930462295582,0.02756007153239921,0.03265401295699171,0.02006960483180232,0.028016169663670397,0.004332234600447935,0.07589766089688597,0.039304690301967815,50,10,nonresponsive,D-post-hoc-diagnostic,0.3256011890484739,0.37412387423512705,0.0345674368620069,1.590757471258689,1.5008083520989597
primary-set,own-domain,hiddad,5,0.025897435897435882,0.026117216117216124,0.047326007326007315,0.05023199023199022,0.07892551892551893,0.0215873015873016,0.21792198690448625,-0.01579975579975581,50,10,late(50-200),D-post-hoc-diagnostic,0.28932557015957416,0.32181461487954754,0.03253834890245297,4.189897997223157,4.944354258920096
primary-set,own-domain,leadbolt,9,0.06927812484784883,0.1961103590150487,0.2527373015031239,0.3047182666405046,0.41805098387072437,0.26084704770523803,0.5672624990326021,0.27979975675518803,10,25,early(<=25),D-post-hoc-diagnostic,0.3023305606323997,0.6441562517771703,0.27746291662209355,2.7129486906531946,2.5641189761583196
primary-set,own-domain,revmob,9,0.03963388676032355,0.14967209957631417,0.3039783899937156,0.39629173508483856,0.45342090859332246,0.2930824296200457,0.6179494061287587,0.2768913823511524,10,25,early(<=25),D-post-hoc-diagnostic,0.271991902916235,0.5575235525984604,0.3337628015875891,3.319853285343657,3.296251723034351
replication-set,own-domain,dnotua,2,0.0,0.0,0.0,-0.020833333333333315,0.0,,,0.0,,,nonresponsive,D-post-hoc-diagnostic,0.5961089416089806,0.6223565092195362,-0.08243258405542758,2.419425397719887,2.937460549944849
replication-set,own-domain,domob,8,0.012812586464136673,0.028331228095228204,0.08291631498110767,0.11738519333562245,0.21637235545506495,0.13484393177019247,0.28954895121602275,0.099730846481525,50,25,late(50-200),D-post-hoc-diagnostic,0.5437251239112608,0.5861296012162456,0.12035563750670879,1.9483153647151088,1.8108557050944731
replication-set,own-domain,inmobi,10,0.04181031906689803,0.08776617531154737,0.1362999054702775,0.16043931649784646,0.1805504276089575,0.12060727234084709,0.2528179803443747,0.1795861418946718,10,10,early(<=25),D-post-hoc-diagnostic,0.5063901235585828,0.9052809068628372,0.13625805423786647,5.429826268613129,5.823558239410739
replication-set,own-domain,kuguo,10,0.008441188773749598,0.008619300412990666,-0.0015697713143864311,-0.00201915875430852,-0.00463719772830754,-0.04933311910534827,0.056551885211578404,0.02189379479858316,,,nonresponsive,D-post-hoc-diagnostic,0.5967015643886261,0.5965757459651362,0.042263189484589736,1.7011989592555143,1.5658350825158425
replication-set,own-domain,smsreg,8,0.005615265746998149,0.01541459905421334,0.02423890597504696,0.027959395921425267,0.057453623272404164,0.03468642031824178,0.08457048156920265,0.06707480419016623,200,50,late(50-200),D-post-hoc-diagnostic,0.5594857835957132,0.671306401129957,0.04432422850626871,2.8506119287438962,2.143476517358532
replication-set,own-domain,utchi,9,0.07034957592428856,0.06013246225889904,0.07418099354880964,0.4713933469680597,0.3158761055887493,0.10940825883354618,0.6303140750267188,0.04862543799325409,10,10,early(<=25),D-post-hoc-diagnostic,0.008383844986024748,0.27563797822021435,0.01854534764622993,3.097476337956543,3.1906860354059656
replication-set,own-domain,youmi,10,-0.0019339184801751828,0.012640593840719135,0.01783933181471737,0.029554671257978466,0.024230161820521408,-0.008386024583929633,0.07460978874669118,0.026016205493552415,,50,nonresponsive,D-post-hoc-diagnostic,0.3628859681587804,0.35801856608656696,0.04200232510193046,1.5419646522965145,1.4867856739271725
