measure,assumed_rho,value
families-planned,,32.0
families-with-defined-ctk,,32.0
families-with-descriptor,,32.0
mean-federation-test-support,,723.2659226190476
min-federation-test-support,,50.0
families-with-abs-ctk-at-least-threshold,,23.0
family-ctk-mean,,0.0651126809917534
family-ctk-sd,,0.07494948020280472
family-ctk-within-family-seed-sd,,0.02993040225472615
family-ctk-noise-corrected-signal-sd,,0.06871386762176104
family-ctk-reliability,,0.8405267456739358
descriptor-sd,,1.0728394522768812
descriptor-iqr,,0.8744584943960922
descriptor-distinct-values,,32.0
spearman-rho,,0.40799120234604097
spearman-p-value,,0.020448324954202974
spearman-rho-ci-low,,0.08772347518157297
spearman-rho-ci-high,,0.6618008437340296
spearman-rho-ci-width,,0.5740773685524566
spearman-permutation-p-value,,0.0214
seed-level-rho-seeds,,10.0
seed-level-rho-min,,0.08178347149113786
seed-level-rho-median,,0.2854679802955664
seed-level-rho-max,,0.4487684729064038
seed-level-rho-positive-seeds,,10.0
expected-rho-ci-width,0.0,0.6973879401958913
expected-rho-ci-width,0.3,0.6549962339340074
expected-rho-ci-width,0.5,0.5712370613598057
expected-rho-ci-width,0.7,0.4236552445431154
min-detectable-abs-rho,,0.47788623788698553
