experiment,family,seed_count,ctk_gain,ctk_sd,local_recall,absent_recall,peer_recall,trials,min_trials,novelty,meets_threshold
large-family-set-1,admogo,10,-0.0016016942435333526,0.06768285775832858,0.6397563590062129,0.7513624358369516,0.7497607415934183,206.5,140,1.8601673280083877,false
large-family-set-1,anydown,6,0.11721636799038286,0.06771227754810176,0.7380257403000089,0.529928796600923,0.6471451645913058,151.66666666666666,125,2.6048588521005778,true
large-family-set-1,datacollector,10,0.03811239857129324,0.0873651896969943,0.3000899832570915,0.48638609286628576,0.524498491437579,104.6,72,4.167694149758107,true
large-family-set-1,dowgin,10,0.01896267931076715,0.009847616952343933,0.6222312597878111,0.7790553279923967,0.798018007303164,6082.0,5278,1.8519219580109667,false
large-family-set-1,gappusin,10,0.09621044248585459,0.07499188344128895,0.3668082311179273,0.34848655641998694,0.4446969989058416,1441.8,1139,1.578250601147695,true
large-family-set-1,ginmaster,10,0.02315453093125929,0.03711842563418806,0.361904842147163,0.21993568421002768,0.24309021514128704,140.9,119,1.640884849967415,false
large-family-set-1,hiddad,10,0.08699663501132492,0.1301055609673133,0.4026641524893767,0.31739394293174505,0.40439057794307,392.6,269,3.8213984638230025,true
large-family-set-1,leadbolt,10,0.22709922288422021,0.05659068494564221,0.30083868012612747,0.3677936810846741,0.5948929039688944,799.1,722,2.548219130907952,true
large-family-set-2,autoins,10,0.04403114894058603,0.06623335009586485,0.24635364838392734,0.20197926405982716,0.2460104130004132,111.8,79,3.2618790134811255,true
large-family-set-2,feiwo,8,-0.05894291635017736,0.037719861258439506,0.3362060611317048,0.3626495892857356,0.30370667293555825,206.75,180,1.609450193647335,true
large-family-set-2,igexin,10,0.12225900543064483,0.0956698572856739,0.2464006921703243,0.30481425376037696,0.42707325919102185,160.2,126,2.3747388885525162,true
large-family-set-2,kuguo,10,0.04506478921310295,0.03423288062735716,0.6161265944409459,0.6337912327537263,0.6788560219668291,3788.8,3480,1.7995863567728159,true
large-family-set-2,smsreg,10,0.07780237322695362,0.040407338541877044,0.47779744922373724,0.5065948138862955,0.5843971871132491,1313.0,1243,2.4139416968903804,true
large-family-set-2,utchi,8,0.1700451268359718,0.2990575275925789,0.0036313911938598634,0.025528853150806486,0.1955739799867783,435.25,233,3.1937605805164937,true
large-family-set-2,utilcode,10,0.09484040673089478,0.05552758899993305,0.4305802305993918,0.46940726117257653,0.5642476679034714,102.9,83,5.13401245218008,true
large-family-set-2,youmi,10,0.02618813533657508,0.05620355651446021,0.40421057362004664,0.39670127254265186,0.4228894078792269,700.1,620,1.533335415019837,false
large-family-set-3,adwo,10,0.12580282737834084,0.06535113749227885,0.5420837349207177,0.5092131830331137,0.6350160104114545,1024.0,780,2.1125833019974465,true
large-family-set-3,airpush,10,0.10513592726854885,0.06578309513374407,0.6121692107894314,0.6910299489793543,0.7961658762479031,2606.6,1897,2.5540352875937486,true
large-family-set-3,baiduprotect,10,-0.044097590257887585,0.06518834367743725,0.6213289076603575,0.7930290047014327,0.748931414443545,164.5,132,1.9972334171440214,true
large-family-set-3,ewind,10,0.0643646041430022,0.14933426053368043,0.4420201885193845,0.3464629241072585,0.4108275282502607,227.1,135,2.2939396827022804,true
large-family-set-3,mobwin,10,0.08700748101150863,0.1045246429599468,0.3335220273401439,0.19394242003789652,0.28094990104940515,112.2,78,1.7073098259750807,true
large-family-set-3,plankton,10,0.03801870936289005,0.03896227893731149,0.4851263689689744,0.6342595205919738,0.6722782299548637,238.4,182,2.1649364120189465,true
large-family-set-3,revmob,10,0.27689686318794143,0.1429005407612427,0.2362296086526637,0.22066001731100332,0.49755688049894475,629.8,449,3.083869284940873,true
large-family-set-3,umpay,2,-0.03514344262295083,0.0033326754031332765,0.40491803278688526,0.330327868852459,0.2951844262295082,70.5,61,1.906638566024467,true
large-family-set-4,dnotua,10,-0.0072154104274515405,0.00893330777248071,0.48094462062094534,0.4775486914199488,0.47033328099249727,276.5,51,2.3325478872513905,false
large-family-set-4,domob,10,0.08949517253622866,0.0989456935092618,0.4485731751105343,0.4416122539036131,0.5311074264398418,377.6,314,1.894133268213308,true
large-family-set-4,fakeapp,10,0.011276671442025618,0.12630236709109094,0.44813487849074995,0.4653782066428544,0.4766548780848801,266.6,95,4.149885262103897,false
large-family-set-4,gumen,7,0.046855696999297716,0.04770321243511841,0.3677252279166955,0.4887004427049971,0.5355561397042947,58.142857142857146,50,2.3066266259833976,true
large-family-set-4,inmobi,10,0.1662957765369384,0.046963913717937476,0.47666869851905086,0.7248191108729058,0.8911148874098442,482.4,364,6.061382409421004,true
large-family-set-4,kyview,10,0.011907955025790317,0.053587517697421934,0.5676844330883041,0.5632563240728107,0.575164279098601,149.6,122,1.8099823374531823,false
large-family-set-4,smspay,10,0.006769172542691421,0.029805320050876445,0.5080488132053042,0.5094115026013444,0.5161806751440358,105.3,86,2.540952652814099,false
large-family-set-4,wooboo,10,0.012796725303074009,0.017766749466452892,0.16486562120016807,0.10756606389688486,0.12036278919995887,217.3,110,1.844845989625338,false
