measure,representation,group,family,population,alpha,seed_count,mean_level,mean_baseline,mean,median,positive_seeds,ci_low,ci_high,p_value,p_margin,p_holm,margin,above_margin,below_margin,within_band
central-full-exposure-recall,call-graph,contrast-macro,,federation-wide,0.05,10,0.7619353955619069,0.7181963019586666,0.043739093603240436,0.030344290844759404,8,0.0087724198441191,0.08239600268425355,0.048828125,0.3125,,0.03,false,false,false
central-full-exposure-recall,call-graph,contrast-macro,,own-domain,0.05,10,0.7304531893502701,0.7949962712107288,-0.06454308186045857,-0.06745969509780636,1,-0.08857768729270304,-0.01877827899327905,0.01953125,0.9990234375,,0.03,false,true,false
central-full-exposure-recall,call-graph,family,adwo,federation-wide,0.05,10,0.5277200063744467,0.43473452656205336,0.09298547981239319,0.10393764642277886,7,0.010660437145404798,0.17726092339920257,0.083984375,0.1162109375,,0.03,false,false,false
central-full-exposure-recall,call-graph,family,adwo,own-domain,0.05,8,0.4430549690974615,0.32091857427417386,0.12213639482328767,0.15351089588377725,7,0.046372024101251574,0.17828763515816218,0.0234375,0.02734375,,0.03,true,false,false
central-full-exposure-recall,call-graph,family,airpush,federation-wide,0.05,10,0.7890687177644902,0.6578809974384559,0.13118772032603424,0.12529225629284182,9,0.04924423019486995,0.2129044807108522,0.01953125,0.0322265625,,0.03,true,false,false
central-full-exposure-recall,call-graph,family,airpush,own-domain,0.05,10,0.8412523836477079,0.9218795639957837,-0.08062718034807592,-0.11043956043956038,3,-0.1448373543569742,-0.011859395069569116,0.064453125,0.990234375,,0.03,false,true,false
central-full-exposure-recall,call-graph,family,dowgin,federation-wide,0.05,10,0.7099687216527445,0.862592426055312,-0.15262370440256728,-0.14857463729452225,0,-0.21145542811785314,-0.11248892842374052,0.001953125,1.0,,0.03,false,true,false
central-full-exposure-recall,call-graph,family,dowgin,own-domain,0.05,9,0.5741983914172117,0.7151575680899418,-0.14095917667273014,-0.1633911368015415,0,-0.18744790353725135,-0.08848165411674636,0.00390625,1.0,,0.03,false,true,false
central-full-exposure-recall,call-graph,family,gappusin,federation-wide,0.05,10,0.7439197460383176,0.698741474018804,0.04517827201951345,0.005759515360550027,6,-0.004612649802642945,0.126907605128278,0.322265625,0.615234375,1.0,0.03,false,false,false
central-full-exposure-recall,call-graph,family,gappusin,own-domain,0.05,6,0.6722070585643642,0.5686453931885397,0.1035616653758245,0.14702004219409284,4,-0.004861111111111094,0.18801811863986106,0.15625,0.15625,,0.03,false,false,false
central-full-exposure-recall,call-graph,family,hiddad,federation-wide,0.05,10,0.3549183533006554,0.40861135417033195,-0.05369300086967669,-0.048632885990216985,3,-0.10420727793540847,-0.009441211880682145,0.130859375,0.9951171875,0.78515625,0.03,false,true,false
central-full-exposure-recall,call-graph,family,hiddad,own-domain,0.05,8,0.36950525706626036,0.53481534503532,-0.1653100879690597,-0.1368773946360153,0,-0.30737279059210715,-0.0904525528822929,0.015625,1.0,,0.03,false,true,false
central-full-exposure-recall,call-graph,family,leadbolt,federation-wide,0.05,10,0.7867687472684859,0.6341154823822316,0.15265326488625433,0.1535764375876577,9,0.07716776552619957,0.2347900210135761,0.005859375,0.009765625,,0.03,true,false,false
central-full-exposure-recall,call-graph,family,leadbolt,own-domain,0.05,7,0.7246244582791466,0.6829609819189105,0.04166347636023584,0.0535714285714286,6,-0.046583050634468263,0.0985305614893979,0.21875,0.34375,,0.03,false,false,false
central-full-exposure-recall,call-graph,family,revmob,federation-wide,0.05,10,0.36499300559584313,0.31747084707645895,0.04752215851938418,0.07087283911337361,6,-0.016110775553843854,0.11759867258221618,0.275390625,0.4228515625,1.0,0.03,false,false,false
central-full-exposure-recall,call-graph,family,revmob,own-domain,0.05,8,0.3843790849673202,0.2987254901960784,0.0856535947712418,0.0611111111111111,6,-0.0125,0.1858247036435829,0.3125,0.15625,,0.03,false,false,false
central-full-exposure-recall,call-graph,priority-macro,,federation-wide,0.05,10,0.4879437016449387,0.47494122508853165,0.013002476556406984,0.009592325222074715,6,-0.011988420700645793,0.03744883299667645,0.4921875,0.9033203125,,0.03,false,false,false
central-full-exposure-recall,call-graph,priority-macro,,own-domain,0.05,9,0.4304577830454095,0.44132390526940246,-0.01086612222399296,0.014999999999999986,5,-0.06291964654241593,0.02927363295774787,0.734375,0.875,,0.03,false,true,false
central-full-exposure-recall,mcndroid-static,contrast-macro,,federation-wide,0.05,10,0.6890382675165474,0.7181963019586666,-0.029158034442119042,-0.029253276496293064,3,-0.05035828089101973,-0.00950351602943828,0.037109375,1.0,,0.03,false,true,false
central-full-exposure-recall,mcndroid-static,contrast-macro,,own-domain,0.05,10,0.8161313580461961,0.7949962712107288,0.021135086835467255,0.0070386128983814245,5,-0.010429339622444127,0.06973219821131799,0.42578125,0.8125,,0.03,false,false,false
central-full-exposure-recall,mcndroid-static,family,adwo,federation-wide,0.05,10,0.7629787303790756,0.43473452656205336,0.32824420381702224,0.3059814068973482,9,0.19627403673325203,0.44778855584709615,0.00390625,0.0048828125,,0.03,true,false,false
central-full-exposure-recall,mcndroid-static,family,adwo,own-domain,0.05,8,0.7205753435040763,0.32091857427417386,0.39965676922990245,0.36438697924916835,8,0.3276434935227425,0.5015932759116952,0.0078125,0.00390625,,0.03,true,false,false
central-full-exposure-recall,mcndroid-static,family,airpush,federation-wide,0.05,10,0.6147336387774487,0.6578809974384559,-0.043147358661007426,-0.02276642007778465,4,-0.09058408225342261,-0.00823347088922074,0.16015625,0.9990234375,,0.03,false,true,false
central-full-exposure-recall,mcndroid-static,family,airpush,own-domain,0.05,10,0.9052676337747195,0.9218795639957837,-0.016611930221064265,-0.014973178480287452,3,-0.07664532930431371,0.016270536069258275,0.8203125,0.9814453125,,0.03,false,true,false
central-full-exposure-recall,mcndroid-static,family,dowgin,federation-wide,0.05,10,0.8582170617991489,0.862592426055312,-0.004375364256162961,-0.005311473271030376,3,-0.017129442926078778,0.013839938610679324,0.375,0.998046875,,0.03,false,true,true
central-full-exposure-recall,mcndroid-static,family,dowgin,own-domain,0.05,9,0.7813043404896067,0.7151575680899418,0.06614677239966492,0.03761948812827631,5,0.011748382117394734,0.12813835286000672,0.1484375,0.248046875,,0.03,false,false,false
central-full-exposure-recall,mcndroid-static,family,gappusin,federation-wide,0.05,10,0.844343268533704,0.698741474018804,0.1456017945149,0.018439975521028107,9,0.05140225382098128,0.2816215492980293,0.00390625,0.2783203125,0.03125,0.03,true,false,false
central-full-exposure-recall,mcndroid-static,family,gappusin,own-domain,0.05,6,0.7552949667869792,0.5686453931885397,0.18664957359843945,0.20878450510904384,5,0.07792816836968129,0.2764693920880843,0.0625,0.046875,,0.03,true,false,false
central-full-exposure-recall,mcndroid-static,family,hiddad,federation-wide,0.05,10,0.42188144757654616,0.40861135417033195,0.013270093406214097,-0.027267237305046488,3,-0.045840143843392814,0.15869830169073987,0.65234375,0.9033203125,1.0,0.03,false,false,false
central-full-exposure-recall,mcndroid-static,family,hiddad,own-domain,0.05,8,0.5556625957335182,0.53481534503532,0.02084725069819815,-0.0625,2,-0.07461899824032175,0.25589246770611357,0.640625,0.875,,0.03,false,false,false
central-full-exposure-recall,mcndroid-static,family,leadbolt,federation-wide,0.05,10,0.5941641019730448,0.6341154823822316,-0.03995138040918673,-0.023334762721555158,3,-0.0806910879382768,-0.008416270852607212,0.10546875,0.9990234375,,0.03,false,true,false
central-full-exposure-recall,mcndroid-static,family,leadbolt,own-domain,0.05,7,0.7091311311464613,0.6829609819189105,0.02617014922755075,-0.007155635062611743,2,-0.05827406963859046,0.14918156630129148,1.0,0.59375,,0.03,false,false,false
central-full-exposure-recall,mcndroid-static,family,revmob,federation-wide,0.05,10,0.40391591949629496,0.31747084707645895,0.08644507241983601,0.10412533068783072,7,-0.0014548118311484516,0.16728941350135573,0.130859375,0.1376953125,0.78515625,0.03,false,false,false
central-full-exposure-recall,mcndroid-static,family,revmob,own-domain,0.05,8,0.48299019607843136,0.2987254901960784,0.18426470588235294,0.14999999999999997,7,0.06000000000000001,0.30446346557881043,0.0390625,0.0390625,,0.03,true,false,false
central-full-exposure-recall,mcndroid-static,priority-macro,,federation-wide,0.05,10,0.5567135452021817,0.47494122508853165,0.08177232011365003,0.06114755748946844,10,0.05290813946655121,0.1315561902948306,0.001953125,0.0048828125,,0.03,true,false,false
central-full-exposure-recall,mcndroid-static,priority-macro,,own-domain,0.05,9,0.563684233302496,0.44132390526940246,0.12236032803309344,0.09229208924949288,9,0.07645914288403412,0.1867397525119804,0.00390625,0.001953125,,0.03,true,false,false
central-full-exposure-recall,report-json,contrast-macro,,federation-wide,0.05,10,0.4534884045789479,0.7181963019586666,-0.2647078973797186,-0.2751714859217953,0,-0.29025107889559254,-0.22702235020331518,0.001953125,1.0,,0.03,false,true,false
central-full-exposure-recall,report-json,contrast-macro,,own-domain,0.05,10,0.4042643855958284,0.7949962712107288,-0.3907318856149004,-0.36739208766591075,0,-0.46302565127851397,-0.3213165807864052,0.001953125,1.0,,0.03,false,true,false
central-full-exposure-recall,report-json,family,adwo,federation-wide,0.05,10,0.27320234184129505,0.43473452656205336,-0.16153218472075834,-0.19269646788551736,3,-0.24370623602836244,-0.06549424250187211,0.02734375,0.998046875,,0.03,false,true,false
central-full-exposure-recall,report-json,family,adwo,own-domain,0.05,8,0.16519394413623728,0.32091857427417386,-0.15572463013793653,-0.13403421810041574,0,-0.24969791765396027,-0.0812352918631487,0.015625,1.0,,0.03,false,true,false
central-full-exposure-recall,report-json,family,airpush,federation-wide,0.05,10,0.43275570795203755,0.6578809974384559,-0.22512528948641836,-0.25207659807765104,0,-0.2733721055113799,-0.17044544086110341,0.001953125,1.0,,0.03,false,true,false
central-full-exposure-recall,report-json,family,airpush,own-domain,0.05,10,0.3948419612785682,0.9218795639957837,-0.5270376027172156,-0.5602534562211983,0,-0.5991621839378929,-0.4103856390258084,0.001953125,1.0,,0.03,false,true,false
central-full-exposure-recall,report-json,family,dowgin,federation-wide,0.05,10,0.6961852903186267,0.862592426055312,-0.16640713573668503,-0.15279600028037565,0,-0.19377407279677736,-0.15026573423177697,0.001953125,1.0,,0.03,false,true,false
central-full-exposure-recall,report-json,family,dowgin,own-domain,0.05,9,0.4953467360654174,0.7151575680899418,-0.21981083202452442,-0.21379310344827585,0,-0.2638855548565028,-0.17429844641094588,0.00390625,1.0,,0.03,false,true,false
central-full-exposure-recall,report-json,family,gappusin,federation-wide,0.05,10,0.6312928441293117,0.698741474018804,-0.0674486298894923,-0.12894774886007104,2,-0.13167546425415189,0.04613314934024768,0.275390625,0.9580078125,1.0,0.03,false,false,false
central-full-exposure-recall,report-json,family,gappusin,own-domain,0.05,6,0.44294848792040836,0.5686453931885397,-0.12569690526813135,0.0,2,-0.36666666666666664,0.08655799669265297,0.625,0.78125,,0.03,false,false,false
central-full-exposure-recall,report-json,family,hiddad,federation-wide,0.05,10,0.24795679348134936,0.40861135417033195,-0.1606545606889827,-0.1263292790596545,0,-0.251558294542277,-0.09100863183642084,0.001953125,1.0,0.017578125,0.03,false,true,false
central-full-exposure-recall,report-json,family,hiddad,own-domain,0.05,8,0.41748336537659003,0.53481534503532,-0.11733197965873006,-0.1308202700605308,2,-0.29817457949071235,0.07474275032167944,0.25,0.90234375,,0.03,false,false,false
central-full-exposure-recall,report-json,family,leadbolt,federation-wide,0.05,10,0.23152421546617935,0.6341154823822316,-0.40259126691605224,-0.4141925745289198,0,-0.4772687318731643,-0.3352845810419495,0.001953125,1.0,,0.03,false,true,false
central-full-exposure-recall,report-json,family,leadbolt,own-domain,0.05,7,0.26890541874579516,0.6829609819189105,-0.41405556317311554,-0.43392857142857144,0,-0.5453650963260245,-0.2577698193002636,0.015625,1.0,,0.03,false,true,false
central-full-exposure-recall,report-json,family,revmob,federation-wide,0.05,10,0.1826909237395217,0.31747084707645895,-0.13477992333693728,-0.15220830443828015,2,-0.20735656230204183,-0.058957523941764664,0.013671875,0.998046875,0.095703125,0.03,false,true,false
central-full-exposure-recall,report-json,family,revmob,own-domain,0.05,8,0.08472222222222223,0.2987254901960784,-0.21400326797385621,-0.1715686274509804,1,-0.34444444444444444,-0.08467320261437908,0.0234375,0.99609375,,0.03,false,true,false
central-full-exposure-recall,report-json,priority-macro,,federation-wide,0.05,10,0.3539801871167275,0.47494122508853165,-0.1209610379718041,-0.12656938117892153,2,-0.1756211265903026,-0.05221627355419089,0.009765625,0.998046875,,0.03,false,true,false
central-full-exposure-recall,report-json,priority-macro,,own-domain,0.05,9,0.29724342072413434,0.44132390526940246,-0.1440804845452681,-0.13052208835341364,1,-0.2504353866858502,-0.01379185175644256,0.0546875,0.98046875,,0.03,false,true,false
fedavg-ctk,call-graph,contrast-macro,,federation-wide,0.05,10,0.3718806561338575,0.22631120485925357,0.1455694512746039,0.16304230985974677,10,0.10226809621887396,0.1747639001922917,0.001953125,0.001953125,,0.03,true,false,false
fedavg-ctk,call-graph,contrast-macro,,own-domain,0.05,10,0.22306536181874007,0.15687018127993624,0.06619518053880385,0.04190613894968881,6,0.0058200815689875745,0.1315244220916985,0.16015625,0.2158203125,,0.03,false,false,false
fedavg-ctk,call-graph,family,adwo,federation-wide,0.05,10,0.11910514858994539,0.06494281472118532,0.05416233386876005,0.04063905164191303,7,0.019576381118714486,0.10119982752868197,0.037109375,0.24609375,,0.03,false,false,false
fedavg-ctk,call-graph,family,adwo,own-domain,0.05,8,0.08836829125653395,0.08647646055905986,0.001891830697474093,-0.0044637451427187586,4,-0.05371099918751305,0.04665486365140596,1.0,0.80859375,,0.03,false,false,false
fedavg-ctk,call-graph,family,airpush,federation-wide,0.05,10,0.516324311829812,0.3065825986072833,0.20974171322252855,0.24823197245224587,8,0.09478616700826908,0.29091370590070104,0.009765625,0.0048828125,,0.03,true,false,false
fedavg-ctk,call-graph,family,airpush,own-domain,0.05,10,0.29535095190244565,0.235415812040123,0.059935139862322614,0.07109004739336505,6,-0.033848687101556564,0.1532618169484785,0.232421875,0.2783203125,,0.03,false,false,false
fedavg-ctk,call-graph,family,dowgin,federation-wide,0.05,10,0.09445482307342673,0.017060042440503485,0.07739478063292324,0.07282606491900326,9,0.042775362451335286,0.12477277739331724,0.009765625,0.0322265625,,0.03,true,false,false
fedavg-ctk,call-graph,family,dowgin,own-domain,0.05,9,0.07575816212525215,-0.031443844936498426,0.10720200706175055,0.02157996146435459,6,0.018416040134152108,0.25532940584637026,0.30078125,0.326171875,,0.03,false,false,false
fedavg-ctk,call-graph,family,gappusin,federation-wide,0.05,10,0.19277086827315615,0.1546333909422769,0.03813747733087928,0.047705412932063374,7,-0.0048125084995177154,0.07978384576482804,0.130859375,0.34765625,,0.03,false,false,false
fedavg-ctk,call-graph,family,gappusin,own-domain,0.05,6,0.20167146309237946,0.09330232944685168,0.10836913364552776,0.0804914370811616,5,0.009147984342433024,0.2939873417721519,0.15625,0.15625,,0.03,false,false,false
fedavg-ctk,call-graph,family,hiddad,federation-wide,0.05,10,0.06330994797699473,0.08833766986435496,-0.025027721887360205,-0.002838969903816352,5,-0.18291088624172122,0.04869242715828764,0.921875,0.919921875,,0.03,false,false,false
fedavg-ctk,call-graph,family,hiddad,own-domain,0.05,8,0.02386608049474091,0.015457505679177655,0.008408574815563254,0.022539288668320917,6,-0.050910395104107095,0.05492865050098815,0.640625,0.6796875,,0.03,false,false,false
fedavg-ctk,call-graph,family,leadbolt,federation-wide,0.05,10,0.5048628334983338,0.3552909735299739,0.14957185996835992,0.105276060186309,9,0.07846940080318515,0.2325550040672976,0.005859375,0.009765625,,0.03,true,false,false
fedavg-ctk,call-graph,family,leadbolt,own-domain,0.05,7,0.29941851414930465,0.26111768340569197,0.03830083074361268,0.0535714285714286,4,-0.0062810374015819384,0.07981388395252753,0.21875,0.34375,,0.03,false,false,false
fedavg-ctk,call-graph,family,revmob,federation-wide,0.05,10,0.3680488855307492,0.25792375630485254,0.1101251292258967,0.07150281047831158,8,0.04728929515474186,0.2087081824636388,0.01953125,0.0419921875,,0.03,true,false,false
fedavg-ctk,call-graph,family,revmob,own-domain,0.05,8,0.2784313725490196,0.18387254901960784,0.09455882352941178,0.08888888888888888,7,0.01087031677425872,0.16485811748207732,0.109375,0.07421875,,0.03,false,false,false
fedavg-ctk,call-graph,priority-macro,,federation-wide,0.05,10,0.20804323392696672,0.16696493903716145,0.04107829488980525,0.046366287197568745,9,-0.007479249196098624,0.07245291616253248,0.064453125,0.1611328125,,0.03,false,false,false
fedavg-ctk,call-graph,priority-macro,,own-domain,0.05,9,0.16235922866041502,0.08912893872317866,0.07323028993723636,0.05737270953863587,7,0.029191186449965704,0.11933925498839898,0.02734375,0.08203125,,0.03,false,false,false
fedavg-ctk,mcndroid-static,contrast-macro,,federation-wide,0.05,10,0.21408932162318148,0.22631120485925357,-0.012221883236072113,-0.017886979061431246,4,-0.03712662867856392,0.014692305087399929,0.431640625,0.9951171875,,0.03,false,true,false
fedavg-ctk,mcndroid-static,contrast-macro,,own-domain,0.05,10,0.21197515926609983,0.15687018127993624,0.055104977986163615,0.059803045771139686,8,0.010944859919152766,0.09387441305865478,0.048828125,0.1162109375,,0.03,false,false,false
fedavg-ctk,mcndroid-static,family,adwo,federation-wide,0.05,10,0.16800464111795427,0.06494281472118532,0.10306182639676893,0.12594733879000472,9,0.06090771683262716,0.13266748084442176,0.00390625,0.0048828125,,0.03,true,false,false
fedavg-ctk,mcndroid-static,family,adwo,own-domain,0.05,8,0.15633869708638642,0.08647646055905986,0.06986223652732657,0.08427228481898794,6,0.01978002037514874,0.10963835674052277,0.0390625,0.07421875,,0.03,false,false,false
fedavg-ctk,mcndroid-static,family,airpush,federation-wide,0.05,10,0.31909234432607747,0.3065825986072833,0.012509745718794143,0.02982101714088317,6,-0.032322074107148914,0.05513839813217893,0.6953125,0.6875,,0.03,false,false,false
fedavg-ctk,mcndroid-static,family,airpush,own-domain,0.05,10,0.34849936412339,0.235415812040123,0.11308355208326697,0.0707196029776675,8,0.02114212970705856,0.21741422960391277,0.048828125,0.0966796875,,0.03,false,false,false
fedavg-ctk,mcndroid-static,family,dowgin,federation-wide,0.05,10,0.014669492947031793,0.017060042440503485,-0.002390549493471694,0.00042065644545302705,5,-0.015874158458670205,0.009164026211882337,0.845703125,1.0,,0.03,false,true,true
fedavg-ctk,mcndroid-static,family,dowgin,own-domain,0.05,9,0.0024715007716132765,-0.031443844936498426,0.0339153457081117,0.018882466281310295,6,0.00012601004850723883,0.08728557239665992,0.42578125,0.71484375,,0.03,false,false,false
fedavg-ctk,mcndroid-static,family,gappusin,federation-wide,0.05,10,0.30978181183133136,0.1546333909422769,0.15514842088905442,0.18588213197545805,9,0.07366264980053228,0.18682272694417887,0.00390625,0.001953125,,0.03,true,false,false
fedavg-ctk,mcndroid-static,family,gappusin,own-domain,0.05,6,0.12819582499768248,0.09330232944685168,0.03489349555083079,5.551115123125783e-17,3,-0.006944444444444452,0.11178832978974725,0.375,0.578125,,0.03,false,false,false
fedavg-ctk,mcndroid-static,family,hiddad,federation-wide,0.05,10,0.035264621450902804,0.08833766986435496,-0.05307304841345214,0.000053290700772729016,5,-0.22597346470092494,0.00040606915117830344,0.556640625,0.9951171875,,0.03,false,true,false
fedavg-ctk,mcndroid-static,family,hiddad,own-domain,0.05,8,-0.002900306076844987,0.015457505679177655,-0.018357811756022642,0.00527704485488123,4,-0.06631755810286574,0.019809998988858907,0.578125,0.9609375,,0.03,false,true,false
fedavg-ctk,mcndroid-static,family,leadbolt,federation-wide,0.05,10,0.3085061275964351,0.3552909735299739,-0.0467848459335388,-0.06257083536883244,3,-0.08319487570153786,-0.008888988409089933,0.064453125,0.9931640625,,0.03,false,true,false
fedavg-ctk,mcndroid-static,family,leadbolt,own-domain,0.05,7,0.2683802278438077,0.26111768340569197,0.007262544438115835,5.551115123125783e-17,4,-0.02938054470446494,0.04809752689117839,0.8125,0.8125,,0.03,false,false,false
fedavg-ctk,mcndroid-static,family,revmob,federation-wide,0.05,10,0.36685639889459204,0.25792375630485254,0.10893264258973959,0.12305406762638099,8,0.05009786237106771,0.17617276667251447,0.013671875,0.0322265625,,0.03,true,false,false
fedavg-ctk,mcndroid-static,family,revmob,own-domain,0.05,8,0.4100816993464052,0.18387254901960784,0.22620915032679734,0.23888888888888887,6,0.0984313725490196,0.37555555555555553,0.03125,0.01953125,,0.03,true,false,false
fedavg-ctk,mcndroid-static,priority-macro,,federation-wide,0.05,10,0.23730094405894211,0.16696493903716145,0.07033600502178064,0.08049800984033498,8,0.029398375170428502,0.10010985096531863,0.009765625,0.0322265625,,0.03,false,false,false
fedavg-ctk,mcndroid-static,priority-macro,,own-domain,0.05,9,0.16948741894204145,0.08912893872317866,0.0803584802188628,0.0783769063180828,8,0.0364520642185096,0.1359503456678401,0.01953125,0.08203125,,0.03,true,false,false
fedavg-ctk,report-json,contrast-macro,,federation-wide,0.05,10,0.1666048722758909,0.22631120485925357,-0.059706332583362685,-0.0687980465110405,1,-0.08982263041712737,-0.024266162834467385,0.013671875,0.9990234375,,0.03,false,true,false
fedavg-ctk,report-json,contrast-macro,,own-domain,0.05,10,0.09262854087437919,0.15687018127993624,-0.06424164040555705,-0.05287310532072592,3,-0.17862957502893567,0.021018198665487552,0.375,0.947265625,,0.03,false,true,false
fedavg-ctk,report-json,family,adwo,federation-wide,0.05,10,0.03119041534640505,0.06494281472118532,-0.033752399374780286,-0.014131439412365603,2,-0.07935628786749396,-0.01252256647824488,0.037109375,1.0,,0.03,false,true,false
fedavg-ctk,report-json,family,adwo,own-domain,0.05,8,0.011143383644884933,0.08647646055905986,-0.07533307691417493,-0.07019704433497534,1,-0.12488099531074115,-0.034245745066004876,0.0234375,1.0,,0.03,false,true,false
fedavg-ctk,report-json,family,airpush,federation-wide,0.05,10,0.25211262516782473,0.3065825986072833,-0.054469973439458585,-0.06809220309008715,3,-0.10140324595199268,-0.0015123752419729038,0.083984375,0.990234375,,0.03,false,true,false
fedavg-ctk,report-json,family,airpush,own-domain,0.05,10,0.15150644275914832,0.235415812040123,-0.08390936928097467,-0.08309636650868873,4,-0.26717488860596506,0.06237205920987979,0.4921875,0.8125,,0.03,false,false,false
fedavg-ctk,report-json,family,dowgin,federation-wide,0.05,10,0.13178340565732222,0.017060042440503485,0.11472336321681875,0.16470311590362072,8,0.037455412990021586,0.1672598866234328,0.013671875,0.013671875,,0.03,true,false,false
fedavg-ctk,report-json,family,dowgin,own-domain,0.05,9,0.03770981813921623,-0.031443844936498426,0.06915366307571465,0.034482758620689585,7,0.011767296743033069,0.18294512953869962,0.07421875,0.150390625,,0.03,false,false,false
fedavg-ctk,report-json,family,gappusin,federation-wide,0.05,10,0.20412867802623363,0.1546333909422769,0.04949528708395676,0.07199809308146118,8,-0.05903431003510455,0.11350464860649259,0.16015625,0.1875,,0.03,false,false,false
fedavg-ctk,report-json,family,gappusin,own-domain,0.05,6,0.11442464758512828,0.09330232944685168,0.02112231813827661,0.0060240963855421464,3,-0.014822357187499073,0.07986111111111112,0.5625,0.71875,,0.03,false,false,false
fedavg-ctk,report-json,family,hiddad,federation-wide,0.05,10,0.005256359932417937,0.08833766986435496,-0.083081309931937,-0.06150195560648715,3,-0.2257269234643532,-0.02636293599149503,0.048828125,0.9970703125,,0.03,false,true,false
fedavg-ctk,report-json,family,hiddad,own-domain,0.05,8,-0.017414973507481737,0.015457505679177655,-0.03287247918665939,-0.04551282051282053,2,-0.07798132183908049,0.016761813634429946,0.25,0.98046875,,0.03,false,true,false
fedavg-ctk,report-json,family,leadbolt,federation-wide,0.05,10,0.11591858600252572,0.3552909735299739,-0.23937238752744822,-0.23367519534972367,0,-0.31472032635234015,-0.19537690651660525,0.001953125,1.0,,0.03,false,true,false
fedavg-ctk,report-json,family,leadbolt,own-domain,0.05,7,0.09310145737506338,0.26111768340569197,-0.16801622603062857,-0.15357142857142855,0,-0.2314914617509426,-0.1325750382938571,0.015625,1.0,,0.03,false,true,false
fedavg-ctk,report-json,family,revmob,federation-wide,0.05,10,0.10151716355670544,0.25792375630485254,-0.15640659274814708,-0.17283087712647494,1,-0.20665446506819396,-0.07641499714017741,0.005859375,0.9990234375,,0.03,false,true,false
fedavg-ctk,report-json,family,revmob,own-domain,0.05,8,0.016519607843137257,0.18387254901960784,-0.1673529411764706,-0.15555555555555556,0,-0.260837699649788,-0.09137254901960784,0.015625,1.0,,0.03,false,true,false
fedavg-ctk,report-json,priority-macro,,federation-wide,0.05,10,0.10363406717178567,0.16696493903716145,-0.06333087186537577,-0.051614162799789504,1,-0.10132783386910352,-0.037788730405548115,0.00390625,1.0,,0.03,false,true,false
fedavg-ctk,report-json,priority-macro,,own-domain,0.05,9,0.026579873187825172,0.08912893872317866,-0.06254906553535348,-0.052155659216211625,2,-0.10272664873223972,-0.0286293098281293,0.01953125,1.0,,0.03,false,true,false
