measure,representation,group,family,population,alpha,seed_count,mean,ci_low,ci_high
central-full-exposure-recall,call-graph,contrast-macro,,federation-wide,0.05,10,0.7619353955619069,0.7000418899249585,0.8154295559210246
central-full-exposure-recall,call-graph,contrast-macro,,own-domain,0.05,10,0.7304531893502701,0.6600633725065169,0.8136009056868478
central-full-exposure-recall,call-graph,family,adwo,federation-wide,0.05,10,0.5277200063744467,0.41075152417999683,0.682068252057983
central-full-exposure-recall,call-graph,family,adwo,own-domain,0.05,8,0.4430549690974615,0.37665403962453886,0.561472810166432
central-full-exposure-recall,call-graph,family,airpush,federation-wide,0.05,10,0.7890687177644902,0.7250330571744166,0.855837681277744
central-full-exposure-recall,call-graph,family,airpush,own-domain,0.05,10,0.8412523836477079,0.75872313851976,0.8962808082507029
central-full-exposure-recall,call-graph,family,dowgin,federation-wide,0.05,10,0.7099687216527445,0.6103960863481981,0.8151135639941252
central-full-exposure-recall,call-graph,family,dowgin,own-domain,0.05,9,0.5741983914172117,0.4992051996607818,0.6944209171845186
central-full-exposure-recall,call-graph,family,gappusin,federation-wide,0.05,10,0.7439197460383176,0.5730757383313815,0.864593321135633
central-full-exposure-recall,call-graph,family,gappusin,own-domain,0.05,6,0.6722070585643642,0.5293897107417009,0.8123214376493314
central-full-exposure-recall,call-graph,family,hiddad,federation-wide,0.05,10,0.3549183533006554,0.25879151542536394,0.4527186724402218
central-full-exposure-recall,call-graph,family,hiddad,own-domain,0.05,8,0.36950525706626036,0.22904411764705881,0.5118612999797036
central-full-exposure-recall,call-graph,family,leadbolt,federation-wide,0.05,10,0.7867687472684859,0.7123408878232342,0.845783245529101
central-full-exposure-recall,call-graph,family,leadbolt,own-domain,0.05,7,0.7246244582791466,0.5993969215322182,0.8568985103136881
central-full-exposure-recall,call-graph,family,revmob,federation-wide,0.05,10,0.36499300559584313,0.2696523782498871,0.5923123693089396
central-full-exposure-recall,call-graph,family,revmob,own-domain,0.05,8,0.3843790849673202,0.2816666666666667,0.6368776758698017
central-full-exposure-recall,call-graph,priority-macro,,federation-wide,0.05,10,0.4879437016449387,0.4004124655009702,0.5821579341186899
central-full-exposure-recall,call-graph,priority-macro,,own-domain,0.05,9,0.4304577830454095,0.33539657205001516,0.5627403378435135
central-full-exposure-recall,lamda-static,contrast-macro,,federation-wide,0.05,10,0.7181963019586666,0.6527202581359327,0.7951314704169139
central-full-exposure-recall,lamda-static,contrast-macro,,own-domain,0.05,10,0.7949962712107288,0.7283172918517695,0.8544014677262342
central-full-exposure-recall,lamda-static,family,adwo,federation-wide,0.05,10,0.43473452656205336,0.28844383237538734,0.6619938378665189
central-full-exposure-recall,lamda-static,family,adwo,own-domain,0.05,8,0.32091857427417386,0.2609666023802621,0.4164858814325818
central-full-exposure-recall,lamda-static,family,airpush,federation-wide,0.05,10,0.6578809974384559,0.5440013011963843,0.7852608786614625
central-full-exposure-recall,lamda-static,family,airpush,own-domain,0.05,10,0.9218795639957837,0.8747460999108914,0.9612555212811708
central-full-exposure-recall,lamda-static,family,dowgin,federation-wide,0.05,10,0.862592426055312,0.7935607780438894,0.9254269391649461
central-full-exposure-recall,lamda-static,family,dowgin,own-domain,0.05,9,0.7151575680899418,0.6422045765807751,0.8058680031547923
central-full-exposure-recall,lamda-static,family,gappusin,federation-wide,0.05,10,0.698741474018804,0.5026063591006903,0.8718501805541543
central-full-exposure-recall,lamda-static,family,gappusin,own-domain,0.05,6,0.5686453931885397,0.37441848555801754,0.8325980392156863
central-full-exposure-recall,lamda-static,family,hiddad,federation-wide,0.05,10,0.40861135417033195,0.27931725501358706,0.5524815778696357
central-full-exposure-recall,lamda-static,family,hiddad,own-domain,0.05,8,0.53481534503532,0.4221873399109426,0.637183990884794
central-full-exposure-recall,lamda-static,family,leadbolt,federation-wide,0.05,10,0.6341154823822316,0.5293166603561128,0.7493086116325156
central-full-exposure-recall,lamda-static,family,leadbolt,own-domain,0.05,7,0.6829609819189105,0.4931912164490561,0.8171118379962709
central-full-exposure-recall,lamda-static,family,revmob,federation-wide,0.05,10,0.31747084707645895,0.2286204612289314,0.5203960741160234
central-full-exposure-recall,lamda-static,family,revmob,own-domain,0.05,8,0.2987254901960784,0.1753921568627451,0.5470588235294118
central-full-exposure-recall,lamda-static,priority-macro,,federation-wide,0.05,10,0.47494122508853165,0.36939269997455215,0.5761070884827548
central-full-exposure-recall,lamda-static,priority-macro,,own-domain,0.05,9,0.44132390526940246,0.35919204464893406,0.5945092226466043
central-full-exposure-recall,mcndroid-static,contrast-macro,,federation-wide,0.05,10,0.6890382675165474,0.6306954783910463,0.7523616882622349
central-full-exposure-recall,mcndroid-static,contrast-macro,,own-domain,0.05,10,0.8161313580461961,0.7849214135850111,0.8691889437209439
central-full-exposure-recall,mcndroid-static,family,adwo,federation-wide,0.05,10,0.7629787303790756,0.6891933981393936,0.8465211059524514
central-full-exposure-recall,mcndroid-static,family,adwo,own-domain,0.05,8,0.7205753435040763,0.6358079648061479,0.7956892758418956
central-full-exposure-recall,mcndroid-static,family,airpush,federation-wide,0.05,10,0.6147336387774487,0.5157059456549817,0.7450157113120084
central-full-exposure-recall,mcndroid-static,family,airpush,own-domain,0.05,10,0.9052676337747195,0.8229508375661507,0.9452421336019824
central-full-exposure-recall,mcndroid-static,family,dowgin,federation-wide,0.05,10,0.8582170617991489,0.795940415479166,0.9211390065466477
central-full-exposure-recall,mcndroid-static,family,dowgin,own-domain,0.05,9,0.7813043404896067,0.7251110623443142,0.8488262903467207
central-full-exposure-recall,mcndroid-static,family,gappusin,federation-wide,0.05,10,0.844343268533704,0.7523050986832751,0.912413773936289
central-full-exposure-recall,mcndroid-static,family,gappusin,own-domain,0.05,6,0.7552949667869792,0.6484120553945741,0.9079861111111112
central-full-exposure-recall,mcndroid-static,family,hiddad,federation-wide,0.05,10,0.42188144757654616,0.2710013885221504,0.567542660562494
central-full-exposure-recall,mcndroid-static,family,hiddad,own-domain,0.05,8,0.5556625957335182,0.4839366515837104,0.6539843389429663
central-full-exposure-recall,mcndroid-static,family,leadbolt,federation-wide,0.05,10,0.5941641019730448,0.49239446103379136,0.7116924972887309
central-full-exposure-recall,mcndroid-static,family,leadbolt,own-domain,0.05,7,0.7091311311464613,0.6458217346390379,0.7876767590339183
central-full-exposure-recall,mcndroid-static,family,revmob,federation-wide,0.05,10,0.40391591949629496,0.2852578780947792,0.5967038700328493
central-full-exposure-recall,mcndroid-static,family,revmob,own-domain,0.05,8,0.48299019607843136,0.3404901960784314,0.6833245738365994
central-full-exposure-recall,mcndroid-static,priority-macro,,federation-wide,0.05,10,0.5567135452021817,0.46972411815469495,0.6432370040544487
central-full-exposure-recall,mcndroid-static,priority-macro,,own-domain,0.05,9,0.563684233302496,0.4965561461881424,0.6804557407033847
central-full-exposure-recall,report-json,contrast-macro,,federation-wide,0.05,10,0.4534884045789479,0.40395358734436126,0.5093767522178183
central-full-exposure-recall,report-json,contrast-macro,,own-domain,0.05,10,0.4042643855958284,0.34086500491379995,0.5012299602535925
central-full-exposure-recall,report-json,family,adwo,federation-wide,0.05,10,0.27320234184129505,0.17606733016915616,0.43632927993514764
central-full-exposure-recall,report-json,family,adwo,own-domain,0.05,8,0.16519394413623728,0.12897062017380528,0.1827618622259414
central-full-exposure-recall,report-json,family,airpush,federation-wide,0.05,10,0.43275570795203755,0.34225811892962615,0.5632848136868416
central-full-exposure-recall,report-json,family,airpush,own-domain,0.05,10,0.3948419612785682,0.3401694307927793,0.4725249970301812
central-full-exposure-recall,report-json,family,dowgin,federation-wide,0.05,10,0.6961852903186267,0.6262342502251792,0.7746124148351248
central-full-exposure-recall,report-json,family,dowgin,own-domain,0.05,9,0.4953467360654174,0.3953047087109512,0.6253003086443678
central-full-exposure-recall,report-json,family,gappusin,federation-wide,0.05,10,0.6312928441293117,0.47520061663605945,0.7439945272493298
central-full-exposure-recall,report-json,family,gappusin,own-domain,0.05,6,0.44294848792040836,0.375,0.4909360263092579
central-full-exposure-recall,report-json,family,hiddad,federation-wide,0.05,10,0.24795679348134936,0.17850391758100104,0.3204744049038668
central-full-exposure-recall,report-json,family,hiddad,own-domain,0.05,8,0.41748336537659003,0.2808355913235014,0.6424320388200635
central-full-exposure-recall,report-json,family,leadbolt,federation-wide,0.05,10,0.23152421546617935,0.16958050518621645,0.3000947730119069
central-full-exposure-recall,report-json,family,leadbolt,own-domain,0.05,7,0.26890541874579516,0.20269783874780106,0.3386497631319119
central-full-exposure-recall,report-json,family,revmob,federation-wide,0.05,10,0.1826909237395217,0.1336584072960347,0.31278642249400435
central-full-exposure-recall,report-json,family,revmob,own-domain,0.05,8,0.08472222222222223,0.008333333333333333,0.20277777777777778
central-full-exposure-recall,report-json,priority-macro,,federation-wide,0.05,10,0.3539801871167275,0.29509065996937706,0.4196676408963576
central-full-exposure-recall,report-json,priority-macro,,own-domain,0.05,9,0.29724342072413434,0.23345436999341418,0.3983426556692935
fedavg-ctk,call-graph,contrast-macro,,federation-wide,0.05,10,0.3718806561338575,0.3325619400840809,0.4139951871668945
fedavg-ctk,call-graph,contrast-macro,,own-domain,0.05,10,0.22306536181874007,0.18599668086770002,0.29558117072222817
fedavg-ctk,call-graph,family,adwo,federation-wide,0.05,10,0.11910514858994539,0.07049671887827563,0.16520448554176495
fedavg-ctk,call-graph,family,adwo,own-domain,0.05,8,0.08836829125653395,0.03890928995474048,0.13614025480178732
fedavg-ctk,call-graph,family,airpush,federation-wide,0.05,10,0.516324311829812,0.41224073092986147,0.6151814277040378
fedavg-ctk,call-graph,family,airpush,own-domain,0.05,10,0.29535095190244565,0.25764391173558576,0.34944784562318965
fedavg-ctk,call-graph,family,dowgin,federation-wide,0.05,10,0.09445482307342673,0.06362843496536223,0.13701821424480126
fedavg-ctk,call-graph,family,dowgin,own-domain,0.05,9,0.07575816212525215,0.027267946789279685,0.2092216153185834
fedavg-ctk,call-graph,family,gappusin,federation-wide,0.05,10,0.19277086827315615,0.14822492416369398,0.3118972702816209
fedavg-ctk,call-graph,family,gappusin,own-domain,0.05,6,0.20167146309237946,0.12606258366800538,0.3321285140562249
fedavg-ctk,call-graph,family,hiddad,federation-wide,0.05,10,0.06330994797699473,0.03763317065761717,0.10671231485616789
fedavg-ctk,call-graph,family,hiddad,own-domain,0.05,8,0.02386608049474091,-0.01260161744063537,0.06758805683916799
fedavg-ctk,call-graph,family,leadbolt,federation-wide,0.05,10,0.5048628334983338,0.4133977041875065,0.5988067286281367
fedavg-ctk,call-graph,family,leadbolt,own-domain,0.05,7,0.29941851414930465,0.25965385446188816,0.34521694936614183
fedavg-ctk,call-graph,family,revmob,federation-wide,0.05,10,0.3680488855307492,0.2886966306584358,0.45781601426968466
fedavg-ctk,call-graph,family,revmob,own-domain,0.05,8,0.2784313725490196,0.16176470588235292,0.43414475086543597
fedavg-ctk,call-graph,priority-macro,,federation-wide,0.05,10,0.20804323392696672,0.16910901584726667,0.24003516946400758
fedavg-ctk,call-graph,priority-macro,,own-domain,0.05,9,0.16235922866041502,0.12174713847466598,0.20977182534757688
fedavg-ctk,lamda-static,contrast-macro,,federation-wide,0.05,10,0.22631120485925357,0.20549224116346274,0.24536712123001142
fedavg-ctk,lamda-static,contrast-macro,,own-domain,0.05,10,0.15687018127993624,0.08371810639030845,0.24282904399577276
fedavg-ctk,lamda-static,family,adwo,federation-wide,0.05,10,0.06494281472118532,0.038570643723577845,0.1005914241705148
fedavg-ctk,lamda-static,family,adwo,own-domain,0.05,8,0.08647646055905986,0.051316868684288204,0.13862673747781704
fedavg-ctk,lamda-static,family,airpush,federation-wide,0.05,10,0.3065825986072833,0.2606242042543739,0.3453653832677336
fedavg-ctk,lamda-static,family,airpush,own-domain,0.05,10,0.235415812040123,0.12676162825983675,0.3663911940685251
fedavg-ctk,lamda-static,family,dowgin,federation-wide,0.05,10,0.017060042440503485,0.009089103095194543,0.027651420016208815
fedavg-ctk,lamda-static,family,dowgin,own-domain,0.05,9,-0.031443844936498426,-0.1446424717995271,0.013942014014240067
fedavg-ctk,lamda-static,family,gappusin,federation-wide,0.05,10,0.1546333909422769,0.1132717346462589,0.24390993347397194
fedavg-ctk,lamda-static,family,gappusin,own-domain,0.05,6,0.09330232944685168,0.042361111111111106,0.12582280599190007
fedavg-ctk,lamda-static,family,hiddad,federation-wide,0.05,10,0.08833766986435496,0.028802604313087503,0.23996276247997997
fedavg-ctk,lamda-static,family,hiddad,own-domain,0.05,8,0.015457505679177655,-0.02590254464068504,0.05120385231625434
fedavg-ctk,lamda-static,family,leadbolt,federation-wide,0.05,10,0.3552909735299739,0.2980106889500823,0.42135687283469286
fedavg-ctk,lamda-static,family,leadbolt,own-domain,0.05,7,0.26111768340569197,0.2134465384708477,0.32329923755382584
fedavg-ctk,lamda-static,family,revmob,federation-wide,0.05,10,0.25792375630485254,0.1875415623755032,0.3168987737042396
fedavg-ctk,lamda-static,family,revmob,own-domain,0.05,8,0.18387254901960784,0.09829808704921085,0.3694180078837316
fedavg-ctk,lamda-static,priority-macro,,federation-wide,0.05,10,0.16696493903716145,0.1333095910598774,0.1984647828344822
fedavg-ctk,lamda-static,priority-macro,,own-domain,0.05,9,0.08912893872317866,0.05600690891987073,0.14364073681766737
fedavg-ctk,mcndroid-static,contrast-macro,,federation-wide,0.05,10,0.21408932162318148,0.18927742003382836,0.24633990116211277
fedavg-ctk,mcndroid-static,contrast-macro,,own-domain,0.05,10,0.21197515926609983,0.1381046053317567,0.2700644401710203
fedavg-ctk,mcndroid-static,family,adwo,federation-wide,0.05,10,0.16800464111795427,0.1441129782620379,0.19187698103275375
fedavg-ctk,mcndroid-static,family,adwo,own-domain,0.05,8,0.15633869708638642,0.11462140333165069,0.182138673964568
fedavg-ctk,mcndroid-static,family,airpush,federation-wide,0.05,10,0.31909234432607747,0.26166821624347714,0.3865214641924849
fedavg-ctk,mcndroid-static,family,airpush,own-domain,0.05,10,0.34849936412339,0.23053814160056177,0.47603289555342976
fedavg-ctk,mcndroid-static,family,dowgin,federation-wide,0.05,10,0.014669492947031793,0.0025079994146459924,0.026297139481792093
fedavg-ctk,mcndroid-static,family,dowgin,own-domain,0.05,9,0.0024715007716132765,-0.06787998113168978,0.0389092855103701
fedavg-ctk,mcndroid-static,family,gappusin,federation-wide,0.05,10,0.30978181183133136,0.28547102306175237,0.3486484055369557
fedavg-ctk,mcndroid-static,family,gappusin,own-domain,0.05,6,0.12819582499768248,0.058623417721518994,0.18473304984644465
fedavg-ctk,mcndroid-static,family,hiddad,federation-wide,0.05,10,0.035264621450902804,0.016303199199267756,0.0832289418101037
fedavg-ctk,mcndroid-static,family,hiddad,own-domain,0.05,8,-0.002900306076844987,-0.028155604962978593,0.020112322292214116
fedavg-ctk,mcndroid-static,family,leadbolt,federation-wide,0.05,10,0.3085061275964351,0.2628522012357213,0.3695074539179176
fedavg-ctk,mcndroid-static,family,leadbolt,own-domain,0.05,7,0.2683802278438077,0.2267300643607264,0.33256481578902725
fedavg-ctk,mcndroid-static,family,revmob,federation-wide,0.05,10,0.36685639889459204,0.2674250350318787,0.47409307748816293
fedavg-ctk,mcndroid-static,family,revmob,own-domain,0.05,8,0.4100816993464052,0.2462804458333281,0.5736111111111112
fedavg-ctk,mcndroid-static,priority-macro,,federation-wide,0.05,10,0.23730094405894211,0.19718352687144822,0.28784827657201595
fedavg-ctk,mcndroid-static,priority-macro,,own-domain,0.05,9,0.16948741894204145,0.12410448508743649,0.22991747367628015
fedavg-ctk,report-json,contrast-macro,,federation-wide,0.05,10,0.1666048722758909,0.14288695491821096,0.1905589019055209
fedavg-ctk,report-json,contrast-macro,,own-domain,0.05,10,0.09262854087437919,0.06303941765243765,0.11328996114110873
fedavg-ctk,report-json,family,adwo,federation-wide,0.05,10,0.03119041534640505,0.01551414772125224,0.04989697114174263
fedavg-ctk,report-json,family,adwo,own-domain,0.05,8,0.011143383644884933,-0.007401548723102932,0.029211365954816704
fedavg-ctk,report-json,family,airpush,federation-wide,0.05,10,0.25211262516782473,0.22725796501623516,0.2940200393255315
fedavg-ctk,report-json,family,airpush,own-domain,0.05,10,0.15150644275914832,0.08275449851020004,0.1945245641007421
fedavg-ctk,report-json,family,dowgin,federation-wide,0.05,10,0.13178340565732222,0.06337949024991706,0.17978722294711272
fedavg-ctk,report-json,family,dowgin,own-domain,0.05,9,0.03770981813921623,0.003788101275573642,0.06578855318905338
fedavg-ctk,report-json,family,gappusin,federation-wide,0.05,10,0.20412867802623363,0.14926118812467362,0.26304877398678045
fedavg-ctk,report-json,family,gappusin,own-domain,0.05,6,0.11442464758512828,0.09116469601413846,0.1390562248995984
fedavg-ctk,report-json,family,hiddad,federation-wide,0.05,10,0.005256359932417937,-0.015002884722373672,0.021407476964913505
fedavg-ctk,report-json,family,hiddad,own-domain,0.05,8,-0.017414973507481737,-0.038475130843387245,-0.001333310539253476
fedavg-ctk,report-json,family,leadbolt,federation-wide,0.05,10,0.11591858600252572,0.09586882192757405,0.14463842512314504
fedavg-ctk,report-json,family,leadbolt,own-domain,0.05,7,0.09310145737506338,0.06858328852089488,0.11461683726958134
fedavg-ctk,report-json,family,revmob,federation-wide,0.05,10,0.10151716355670544,0.08151172037521628,0.12138334861591323
fedavg-ctk,report-json,family,revmob,own-domain,0.05,8,0.016519607843137257,-0.03166666666666666,0.08970588235294119
fedavg-ctk,report-json,priority-macro,,federation-wide,0.05,10,0.10363406717178567,0.0807304579809989,0.13192292952272
fedavg-ctk,report-json,priority-macro,,own-domain,0.05,9,0.026579873187825172,0.005600130040627581,0.05475816891420969
