status,reason,experiment,seed,salt
completed,,representation-r0,330,0
completed,,representation-r0,331,0
completed,,representation-r0,332,0
completed,,representation-r0,333,0
completed,,representation-r0,334,0
completed,,representation-r0,335,0
completed,,representation-r0,336,0
completed,,representation-r0,337,0
completed,,representation-r0,338,0
completed,,representation-r0,339,0
completed,,representation-r1,330,0
completed,,representation-r1,331,0
completed,,representation-r1,332,0
completed,,representation-r1,333,0
completed,,representation-r1,334,0
completed,,representation-r1,335,0
completed,,representation-r1,336,0
completed,,representation-r1,337,0
completed,,representation-r1,338,0
completed,,representation-r1,339,0
completed,,representation-r2,330,0
completed,,representation-r2,331,0
completed,,representation-r2,332,0
completed,,representation-r2,333,0
completed,,representation-r2,334,0
completed,,representation-r2,335,0
completed,,representation-r2,336,0
completed,,representation-r2,337,0
completed,,representation-r2,338,0
completed,,representation-r2,339,0
completed,,representation-r3,330,0
completed,,representation-r3,331,0
completed,,representation-r3,332,0
completed,,representation-r3,333,0
completed,,representation-r3,334,0
completed,,representation-r3,335,0
completed,,representation-r3,336,0
completed,,representation-r3,337,0
completed,,representation-r3,338,0
completed,,representation-r3,339,0
